timestamp,sensor_id,vehicle_speed (km/h),latitude,longitude,traffic_pattern,incident_report,accident_hotspot,event_type
2024-12-06 08:00:00,Vehicle_1,114,34.54926150831106,-79.30136853880121,Clear,None,0,Accident
2024-12-06 08:15:00,Vehicle_2,63,36.8189725647745,-97.57893133276576,Heavy,Breakdown,1,Normal
2024-12-06 08:30:00,Vehicle_3,67,39.89604505169282,-111.73397542150222,Moderate,Police Blockade,0,Accident
2024-12-06 08:45:00,Vehicle_4,24,34.22040303269379,-99.54087923662124,Moderate,Police Blockade,0,Congestion
2024-12-06 09:00:00,Vehicle_5,62,38.48441454374566,-109.6230577482927,Heavy,Accident,0,Congestion
2024-12-06 09:15:00,Vehicle_6,33,38.677279519159455,-87.59237957097622,Heavy,Police Blockade,0,Accident
2024-12-06 09:30:00,Vehicle_7,79,37.98355446411157,-97.84793593532115,Clear,Traffic Jam,0,Normal
2024-12-06 09:45:00,Vehicle_8,44,37.95666123733266,-106.16079872767178,Clear,Traffic Jam,0,Accident
2024-12-06 10:00:00,Vehicle_9,34,38.23071478990284,-73.82381311916097,Heavy,Accident,0,Normal
2024-12-06 10:15:00,Vehicle_10,39,36.13303754783956,-106.65777975084893,Light,Accident,0,Congestion
2024-12-06 10:30:00,Vehicle_1,56,39.0477388333774,-95.53222571924911,Light,Breakdown,1,Congestion
2024-12-06 10:45:00,Vehicle_2,66,36.26349187270031,-77.03314129864162,Light,Accident,0,Normal
2024-12-06 11:00:00,Vehicle_3,88,37.918111059010904,-74.2288396752307,Moderate,Police Blockade,0,Accident
2024-12-06 11:15:00,Vehicle_4,100,38.55062888574194,-118.37285438026655,Moderate,Accident,0,Congestion
2024-12-06 11:30:00,Vehicle_5,91,36.213526725528226,-101.67355545952172,Moderate,None,1,Congestion
2024-12-06 11:45:00,Vehicle_6,113,34.22037485424911,-110.92734252563203,Moderate,Accident,1,Accident
2024-12-06 12:00:00,Vehicle_7,115,34.92046838108383,-112.48874535053679,Clear,Police Blockade,0,Congestion
2024-12-06 12:15:00,Vehicle_8,96,36.867912662269234,-98.45542748977773,Moderate,Accident,0,Congestion
2024-12-06 12:30:00,Vehicle_9,63,38.20556312915181,-114.0515257258343,Moderate,Police Blockade,1,Congestion
2024-12-06 12:45:00,Vehicle_10,43,36.03445449438456,-83.13106995735178,Light,Traffic Jam,0,Accident
2024-12-06 13:00:00,Vehicle_1,25,35.9857374193907,-108.3462228448104,Moderate,Police Blockade,0,Accident
2024-12-06 13:15:00,Vehicle_2,38,39.10920356232421,-79.91782381292626,Light,None,0,Congestion
2024-12-06 13:30:00,Vehicle_3,45,36.04452343517641,-94.55747827833284,Moderate,Accident,0,Congestion
2024-12-06 13:45:00,Vehicle_4,103,37.44630600905868,-95.60845402669736,Heavy,Police Blockade,0,Congestion
2024-12-06 14:00:00,Vehicle_5,79,39.180912489532474,-91.42794442727731,Light,Accident,0,Normal
2024-12-06 14:15:00,Vehicle_6,60,39.39085482236847,-77.37719618182187,Clear,Traffic Jam,1,Accident
2024-12-06 14:30:00,Vehicle_7,50,38.52176142069445,-105.36550058651996,Clear,Accident,0,Normal
2024-12-06 14:45:00,Vehicle_8,24,39.5665924532276,-93.17240022552485,Clear,Police Blockade,0,Normal
2024-12-06 15:00:00,Vehicle_9,110,35.69777062911989,-76.54827774338833,Heavy,Accident,0,Congestion
2024-12-06 15:15:00,Vehicle_10,60,35.71216423999154,-79.46245729814135,Moderate,Traffic Jam,1,Accident
2024-12-06 15:30:00,Vehicle_1,64,36.82673946815028,-104.44921741855654,Clear,None,1,Congestion
2024-12-06 15:45:00,Vehicle_2,113,36.29562631669231,-82.1326623538796,Heavy,Breakdown,0,Normal
2024-12-06 16:00:00,Vehicle_3,37,39.48914525098691,-98.14041558889059,Moderate,None,0,Normal
2024-12-06 16:15:00,Vehicle_4,44,38.8988659510139,-78.06092230081191,Moderate,Accident,1,Normal
2024-12-06 16:30:00,Vehicle_5,59,34.852504826472114,-103.96538290741704,Heavy,Breakdown,0,Congestion
2024-12-06 16:45:00,Vehicle_6,91,37.39884902944284,-106.30675072256199,Moderate,None,0,Normal
2024-12-06 17:00:00,Vehicle_7,113,36.800411014821876,-78.19128484143945,Clear,Police Blockade,0,Congestion
2024-12-06 17:15:00,Vehicle_8,46,38.05557112735091,-106.15732574034803,Moderate,Police Blockade,0,Congestion
2024-12-06 17:30:00,Vehicle_9,55,35.13693572686947,-103.97387670428677,Heavy,Accident,0,Accident
2024-12-06 17:45:00,Vehicle_10,59,37.89357428584537,-85.31412481393829,Light,Police Blockade,1,Congestion
2024-12-06 18:00:00,Vehicle_1,80,38.513346363560544,-109.61422041382191,Heavy,Police Blockade,1,Accident
2024-12-06 18:15:00,Vehicle_2,44,38.41359759108052,-109.24660416276615,Moderate,Traffic Jam,0,Congestion
2024-12-06 18:30:00,Vehicle_3,20,34.76442384840204,-96.07551246603839,Heavy,None,0,Normal
2024-12-06 18:45:00,Vehicle_4,49,35.373611366543386,-85.63830644676278,Clear,Accident,0,Accident
2024-12-06 19:00:00,Vehicle_5,84,39.10798112995606,-116.76552124798349,Heavy,Traffic Jam,0,Accident
2024-12-06 19:15:00,Vehicle_6,38,35.203881437821465,-79.1820802708308,Light,Breakdown,0,Normal
2024-12-06 19:30:00,Vehicle_7,76,38.25760363697239,-88.83969088463496,Heavy,Traffic Jam,0,Accident
2024-12-06 19:45:00,Vehicle_8,103,36.845789447575996,-114.81265908823863,Moderate,Traffic Jam,0,Accident
2024-12-06 20:00:00,Vehicle_9,29,39.73053533607072,-104.6532487869602,Clear,Accident,0,Accident
2024-12-06 20:15:00,Vehicle_10,36,34.609900347836216,-81.96758173903933,Clear,Breakdown,0,Accident
2024-12-06 20:30:00,Vehicle_1,20,35.37789595277428,-84.09740194419263,Clear,Police Blockade,0,Congestion
2024-12-06 20:45:00,Vehicle_2,104,37.33243673426534,-80.70359848459101,Moderate,None,0,Congestion
2024-12-06 21:00:00,Vehicle_3,90,38.68683333657865,-101.14687000258047,Moderate,None,0,Congestion
2024-12-06 21:15:00,Vehicle_4,26,35.21509682261806,-113.1109438757519,Light,Accident,0,Accident
2024-12-06 21:30:00,Vehicle_5,109,38.22736737720021,-100.1723012159385,Light,Traffic Jam,0,Accident
2024-12-06 21:45:00,Vehicle_6,20,35.200552436313835,-100.67412671666985,Moderate,Breakdown,0,Accident
2024-12-06 22:00:00,Vehicle_7,42,38.98907097146104,-74.67273555332329,Light,None,0,Accident
2024-12-06 22:15:00,Vehicle_8,91,35.2951735319,-103.4518840311733,Moderate,Police Blockade,0,Accident
2024-12-06 22:30:00,Vehicle_9,114,39.384139595355464,-73.90859799069844,Moderate,Traffic Jam,0,Normal
2024-12-06 22:45:00,Vehicle_10,40,35.588164095395555,-86.98582112246805,Light,Breakdown,0,Normal
2024-12-06 23:00:00,Vehicle_1,42,38.61371035206362,-74.23496342871118,Light,Police Blockade,0,Congestion
2024-12-06 23:15:00,Vehicle_2,74,36.154709880411,-101.63304745931273,Moderate,None,0,Congestion
2024-12-06 23:30:00,Vehicle_3,44,34.636056717195856,-115.81500686113172,Moderate,Accident,0,Normal
2024-12-06 23:45:00,Vehicle_4,118,34.108074106380954,-102.14175589659379,Heavy,None,0,Normal
2024-12-07 00:00:00,Vehicle_5,28,37.950283800303474,-81.40953391202126,Clear,None,0,Normal
2024-12-07 00:15:00,Vehicle_6,27,35.72235441700252,-107.74415788478899,Clear,Breakdown,0,Congestion
2024-12-07 00:30:00,Vehicle_7,34,38.44745171102235,-79.34678801967192,Light,None,0,Congestion
2024-12-07 00:45:00,Vehicle_8,61,37.46116839762155,-107.45219218233811,Moderate,Breakdown,1,Normal
2024-12-07 01:00:00,Vehicle_9,61,37.56442081085747,-104.38784859060307,Moderate,Police Blockade,0,Accident
2024-12-07 01:15:00,Vehicle_10,57,37.83220811249233,-100.96717015051055,Heavy,Breakdown,0,Normal
2024-12-07 01:30:00,Vehicle_1,115,35.96503928596602,-109.0614041927637,Light,Police Blockade,0,Congestion
2024-12-07 01:45:00,Vehicle_2,34,38.26951913813998,-113.43587496632499,Moderate,Breakdown,0,Accident
2024-12-07 02:00:00,Vehicle_3,101,36.401384870676075,-81.99989608590747,Heavy,Accident,0,Congestion
2024-12-07 02:15:00,Vehicle_4,28,38.577523390186485,-100.47322384341486,Clear,None,1,Normal
2024-12-07 02:30:00,Vehicle_5,112,38.51956921756084,-82.40914616152618,Heavy,Accident,0,Congestion
2024-12-07 02:45:00,Vehicle_6,98,35.906113690652845,-117.74948595808675,Clear,Accident,0,Accident
2024-12-07 03:00:00,Vehicle_7,44,36.57536502019,-90.48774722604372,Moderate,None,0,Normal
2024-12-07 03:15:00,Vehicle_8,71,34.40645450707933,-99.8554578275425,Moderate,Police Blockade,0,Normal
2024-12-07 03:30:00,Vehicle_9,52,39.82902537515585,-109.59675530424872,Clear,Breakdown,0,Accident
2024-12-07 03:45:00,Vehicle_10,25,35.429373757359215,-90.36902690857573,Moderate,Police Blockade,0,Congestion
2024-12-07 04:00:00,Vehicle_1,22,38.75251754021361,-114.71508142020399,Heavy,Breakdown,0,Accident
2024-12-07 04:15:00,Vehicle_2,61,37.25712388830372,-89.2205274489441,Heavy,None,1,Congestion
2024-12-07 04:30:00,Vehicle_3,101,39.69307273088001,-110.33856468344104,Heavy,None,0,Congestion
2024-12-07 04:45:00,Vehicle_4,39,35.91142379479982,-102.83354122992525,Moderate,Breakdown,0,Congestion
2024-12-07 05:00:00,Vehicle_5,117,37.96669868304719,-101.90169623599981,Heavy,Police Blockade,0,Accident
2024-12-07 05:15:00,Vehicle_6,93,34.50679253273747,-96.71328067499081,Heavy,Accident,0,Congestion
2024-12-07 05:30:00,Vehicle_7,118,34.14143758060171,-113.47944996679858,Heavy,Accident,0,Congestion
2024-12-07 05:45:00,Vehicle_8,77,38.72439130590289,-108.39876764940722,Heavy,Accident,0,Accident
2024-12-07 06:00:00,Vehicle_9,44,37.819632836043546,-85.19709110982903,Heavy,Breakdown,0,Congestion
2024-12-07 06:15:00,Vehicle_10,103,35.18216285417049,-82.16237481948968,Heavy,Accident,0,Congestion
2024-12-07 06:30:00,Vehicle_1,114,34.06652344749978,-95.7009424488099,Light,Traffic Jam,0,Congestion
2024-12-07 06:45:00,Vehicle_2,82,35.23111273836691,-89.32360108420133,Heavy,Breakdown,1,Congestion
2024-12-07 07:00:00,Vehicle_3,83,35.996980870607715,-90.80268789054632,Light,Police Blockade,1,Accident
2024-12-07 07:15:00,Vehicle_4,35,39.49124127092884,-75.18228041171773,Clear,Police Blockade,0,Congestion
2024-12-07 07:30:00,Vehicle_5,32,36.11024303752246,-84.53424738371552,Light,None,0,Accident
2024-12-07 07:45:00,Vehicle_6,68,38.35494148916602,-118.36543438573825,Heavy,Accident,0,Congestion
2024-12-07 08:00:00,Vehicle_7,23,37.820483779358014,-105.38270816743517,Clear,Accident,0,Congestion
2024-12-07 08:15:00,Vehicle_8,61,35.69387207631117,-96.2162518749022,Moderate,Accident,0,Congestion
2024-12-07 08:30:00,Vehicle_9,20,38.70460331225186,-109.41377666876349,Clear,None,0,Accident
2024-12-07 08:45:00,Vehicle_10,75,37.99448885417838,-100.71646249004334,Heavy,Accident,0,Accident
2024-12-07 09:00:00,Vehicle_1,75,36.35545826032483,-87.72398129715262,Moderate,Police Blockade,1,Normal
2024-12-07 09:15:00,Vehicle_2,43,38.307618166486776,-82.89674374052908,Light,Accident,1,Normal
2024-12-07 09:30:00,Vehicle_3,36,37.23671581419875,-107.06680732306967,Clear,Police Blockade,0,Accident
2024-12-07 09:45:00,Vehicle_4,95,38.48628549556136,-101.4833477776264,Light,Police Blockade,0,Accident
2024-12-07 10:00:00,Vehicle_5,110,34.17268750433329,-97.64419666731791,Clear,Traffic Jam,0,Congestion
2024-12-07 10:15:00,Vehicle_6,112,36.23398638219282,-78.96824999628444,Light,Police Blockade,0,Congestion
2024-12-07 10:30:00,Vehicle_7,76,38.60314879217175,-101.13774179288721,Moderate,Traffic Jam,0,Normal
2024-12-07 10:45:00,Vehicle_8,90,38.83344413781374,-74.31976271899298,Clear,Traffic Jam,0,Accident
2024-12-07 11:00:00,Vehicle_9,48,37.325533002158664,-79.65774238781067,Heavy,Police Blockade,0,Congestion
2024-12-07 11:15:00,Vehicle_10,94,39.162907700691385,-74.68416138382175,Moderate,Accident,0,Accident
2024-12-07 11:30:00,Vehicle_1,97,36.88073806330911,-89.74872981239115,Clear,None,0,Normal
2024-12-07 11:45:00,Vehicle_2,118,39.24355279799392,-83.3362785148509,Clear,None,0,Accident
2024-12-07 12:00:00,Vehicle_3,33,35.70668683493383,-94.7816106038473,Clear,Breakdown,0,Normal
2024-12-07 12:15:00,Vehicle_4,117,35.464868860040525,-76.84896557458666,Heavy,Police Blockade,0,Congestion
2024-12-07 12:30:00,Vehicle_5,55,39.798187361854424,-81.43644211849403,Heavy,None,0,Accident
2024-12-07 12:45:00,Vehicle_6,44,36.80635623453472,-78.51356061400767,Heavy,Accident,1,Congestion
2024-12-07 13:00:00,Vehicle_7,28,36.26060599017016,-94.41070313677132,Moderate,Traffic Jam,1,Congestion
2024-12-07 13:15:00,Vehicle_8,119,34.920887354975655,-110.55175692337396,Light,Breakdown,0,Congestion
2024-12-07 13:30:00,Vehicle_9,89,35.96906421015188,-110.0274247532801,Clear,None,0,Congestion
2024-12-07 13:45:00,Vehicle_10,22,39.25596040788408,-99.82309685429043,Clear,Breakdown,0,Normal
2024-12-07 14:00:00,Vehicle_1,101,37.55700146844412,-89.56731018727297,Light,Traffic Jam,0,Congestion
2024-12-07 14:15:00,Vehicle_2,21,35.239783098136904,-79.7431441591327,Moderate,Traffic Jam,0,Accident
2024-12-07 14:30:00,Vehicle_3,20,36.71236080067891,-118.06244814627631,Moderate,None,1,Normal
2024-12-07 14:45:00,Vehicle_4,115,36.49241162107686,-113.15067108353871,Moderate,None,1,Accident
2024-12-07 15:00:00,Vehicle_5,45,38.53939281700155,-79.29880630952091,Clear,None,0,Accident
2024-12-07 15:15:00,Vehicle_6,102,35.33857820276832,-93.14854603475098,Heavy,None,0,Congestion
2024-12-07 15:30:00,Vehicle_7,73,35.111468287281355,-112.40906318692602,Moderate,None,0,Accident
2024-12-07 15:45:00,Vehicle_8,96,38.229585075842266,-91.19049371471483,Heavy,Traffic Jam,0,Normal
2024-12-07 16:00:00,Vehicle_9,45,37.90333405445132,-108.78538501789957,Light,Accident,0,Accident
2024-12-07 16:15:00,Vehicle_10,110,39.19473510511587,-78.02048421895378,Moderate,Breakdown,0,Normal
2024-12-07 16:30:00,Vehicle_1,84,38.28853502319037,-107.46976495393827,Moderate,None,0,Accident
2024-12-07 16:45:00,Vehicle_2,30,36.3644834089819,-80.56609708093004,Light,Breakdown,1,Normal
2024-12-07 17:00:00,Vehicle_3,58,35.34937762553326,-87.26300658010946,Clear,None,0,Congestion
2024-12-07 17:15:00,Vehicle_4,20,39.65845846641727,-87.29559231715753,Moderate,Traffic Jam,0,Congestion
2024-12-07 17:30:00,Vehicle_5,75,34.96277670958494,-109.8341556189623,Light,Traffic Jam,0,Normal
2024-12-07 17:45:00,Vehicle_6,104,37.586980457567876,-104.04354801113084,Moderate,Traffic Jam,0,Accident
2024-12-07 18:00:00,Vehicle_7,81,34.02947956315974,-88.92990337168119,Clear,Breakdown,0,Congestion
2024-12-07 18:15:00,Vehicle_8,94,37.82617227525166,-73.99223178054606,Moderate,Breakdown,1,Congestion
2024-12-07 18:30:00,Vehicle_9,45,37.59956882475737,-82.88413861647817,Light,None,0,Congestion
2024-12-07 18:45:00,Vehicle_10,92,36.41772639588589,-85.0772778773618,Moderate,None,0,Accident
2024-12-07 19:00:00,Vehicle_1,72,39.31658139427321,-115.12517989585126,Heavy,Traffic Jam,1,Congestion
2024-12-07 19:15:00,Vehicle_2,22,39.77492206884648,-75.58791966952009,Heavy,Breakdown,0,Congestion
2024-12-07 19:30:00,Vehicle_3,101,34.09585837359949,-105.03522080772129,Light,None,0,Accident
2024-12-07 19:45:00,Vehicle_4,39,35.36140160889777,-88.75664188685258,Clear,Traffic Jam,0,Accident
2024-12-07 20:00:00,Vehicle_5,96,37.2737982055896,-111.28387458978432,Clear,Police Blockade,0,Normal
2024-12-07 20:15:00,Vehicle_6,84,36.65603526581523,-85.59794043628185,Clear,Police Blockade,0,Congestion
2024-12-07 20:30:00,Vehicle_7,108,36.839688951367116,-99.16108924298732,Moderate,Accident,1,Accident
2024-12-07 20:45:00,Vehicle_8,78,34.432974636619434,-101.68630057074054,Heavy,None,0,Accident
2024-12-07 21:00:00,Vehicle_9,95,35.088232659369744,-113.04882216611752,Moderate,None,0,Accident
2024-12-07 21:15:00,Vehicle_10,42,37.018475668754526,-116.90744925497658,Heavy,Police Blockade,0,Congestion
2024-12-07 21:30:00,Vehicle_1,110,35.978738559912685,-116.60391258935985,Light,Breakdown,1,Congestion
2024-12-07 21:45:00,Vehicle_2,72,35.50330992417355,-111.76929144974937,Light,None,0,Congestion
2024-12-07 22:00:00,Vehicle_3,65,35.68361038858064,-117.32080213864006,Light,Accident,0,Normal
2024-12-07 22:15:00,Vehicle_4,118,34.34109358366533,-110.56952025842969,Clear,Accident,0,Accident
2024-12-07 22:30:00,Vehicle_5,82,35.51322170322811,-83.43012429519946,Moderate,Traffic Jam,0,Normal
2024-12-07 22:45:00,Vehicle_6,105,37.77219601804622,-108.67509619503284,Clear,Police Blockade,0,Accident
2024-12-07 23:00:00,Vehicle_7,46,39.691521766047046,-89.98575636827462,Moderate,Accident,0,Congestion
2024-12-07 23:15:00,Vehicle_8,46,37.751797900427334,-81.47769695315986,Light,Traffic Jam,0,Accident
2024-12-07 23:30:00,Vehicle_9,41,39.935925524719444,-115.71857925673491,Moderate,Traffic Jam,0,Accident
2024-12-07 23:45:00,Vehicle_10,43,37.821789932693505,-80.99540725936691,Clear,Traffic Jam,0,Normal
2024-12-08 00:00:00,Vehicle_1,89,34.59736239467883,-81.1482527339158,Moderate,Traffic Jam,0,Normal
2024-12-08 00:15:00,Vehicle_2,85,38.60696239974357,-78.55574028289169,Moderate,Accident,0,Normal
2024-12-08 00:30:00,Vehicle_3,118,37.76612664512382,-75.93920527402081,Clear,None,0,Accident
2024-12-08 00:45:00,Vehicle_4,52,39.159691254532376,-116.21519648350824,Light,Police Blockade,0,Accident
2024-12-08 01:00:00,Vehicle_5,25,36.431316865349864,-94.09212032813241,Clear,None,0,Congestion
2024-12-08 01:15:00,Vehicle_6,34,35.25831641370083,-108.12452296450277,Heavy,None,0,Accident
2024-12-08 01:30:00,Vehicle_7,83,36.517211716853815,-107.60661113792459,Light,Breakdown,0,Normal
2024-12-08 01:45:00,Vehicle_8,102,34.57007015444974,-92.38259663977703,Clear,Breakdown,0,Normal
2024-12-08 02:00:00,Vehicle_9,94,36.2806851880079,-78.9074975693715,Heavy,None,0,Congestion
2024-12-08 02:15:00,Vehicle_10,56,34.15691693322051,-96.72855034939955,Light,Breakdown,0,Congestion
2024-12-08 02:30:00,Vehicle_1,65,39.350576270563074,-105.83530735391702,Clear,None,1,Accident
2024-12-08 02:45:00,Vehicle_2,21,34.86786681855875,-79.78508870517929,Clear,Breakdown,0,Accident
2024-12-08 03:00:00,Vehicle_3,20,36.709896399359685,-90.4493976377469,Heavy,Accident,1,Normal
2024-12-08 03:15:00,Vehicle_4,119,38.20337232384613,-108.15891843305221,Clear,Breakdown,0,Normal
2024-12-08 03:30:00,Vehicle_5,98,37.27990406676947,-101.62583064928218,Heavy,Breakdown,0,Accident
2024-12-08 03:45:00,Vehicle_6,30,37.92025805512175,-82.33584280464555,Heavy,Breakdown,0,Accident
2024-12-08 04:00:00,Vehicle_7,106,38.63628371491818,-91.68823733812357,Heavy,Police Blockade,0,Normal
2024-12-08 04:15:00,Vehicle_8,71,38.937929382453014,-81.4799255037956,Heavy,Traffic Jam,0,Normal
2024-12-08 04:30:00,Vehicle_9,39,39.455627200614494,-113.87920879512718,Light,Police Blockade,0,Accident
2024-12-08 04:45:00,Vehicle_10,119,35.73289948653051,-74.55460497825553,Light,Breakdown,0,Normal
2024-12-08 05:00:00,Vehicle_1,27,38.239659689455735,-108.13610346776073,Moderate,Traffic Jam,0,Congestion
2024-12-08 05:15:00,Vehicle_2,50,34.3733033974959,-74.22754768670188,Heavy,Breakdown,0,Accident
2024-12-08 05:30:00,Vehicle_3,46,34.02165809627782,-109.4971784887627,Heavy,Accident,1,Congestion
2024-12-08 05:45:00,Vehicle_4,76,38.51829874270321,-83.30529520458822,Light,Traffic Jam,0,Normal
2024-12-08 06:00:00,Vehicle_5,89,38.003206896370145,-81.23932041718652,Heavy,Police Blockade,0,Congestion
2024-12-08 06:15:00,Vehicle_6,62,35.90848730145694,-83.12743527877839,Heavy,None,0,Normal
2024-12-08 06:30:00,Vehicle_7,104,38.95474999500634,-79.07370092264644,Moderate,Accident,0,Normal
2024-12-08 06:45:00,Vehicle_8,72,35.766226066852184,-88.71430242180983,Light,None,1,Normal
2024-12-08 07:00:00,Vehicle_9,103,36.51906430496834,-76.69829285986489,Heavy,Police Blockade,0,Accident
2024-12-08 07:15:00,Vehicle_10,25,38.57169117070064,-106.64388377660825,Clear,Traffic Jam,0,Congestion
2024-12-08 07:30:00,Vehicle_1,77,36.28981477082083,-116.47835668677065,Heavy,None,0,Congestion
2024-12-08 07:45:00,Vehicle_2,119,35.6554391521265,-90.48199315611791,Heavy,None,0,Accident
2024-12-08 08:00:00,Vehicle_3,57,37.33102734488101,-74.71294114174833,Clear,None,0,Congestion
2024-12-08 08:15:00,Vehicle_4,92,39.20820325620177,-118.00519932108314,Heavy,Accident,0,Accident
2024-12-08 08:30:00,Vehicle_5,32,37.125622487632725,-88.23597264451612,Moderate,Accident,0,Accident
2024-12-08 08:45:00,Vehicle_6,31,35.693755059737725,-96.11931315943414,Light,Police Blockade,0,Congestion
2024-12-08 09:00:00,Vehicle_7,105,39.228333946725286,-80.06548412777005,Clear,Police Blockade,0,Accident
2024-12-08 09:15:00,Vehicle_8,55,39.926180587374304,-90.92223475651325,Heavy,Police Blockade,0,Congestion
2024-12-08 09:30:00,Vehicle_9,56,39.30923382964608,-74.19332205346434,Moderate,None,0,Congestion
2024-12-08 09:45:00,Vehicle_10,34,36.30561557107961,-94.14745988393615,Moderate,None,0,Normal
2024-12-08 10:00:00,Vehicle_1,99,35.26705723888491,-85.85002602794178,Heavy,None,0,Congestion
2024-12-08 10:15:00,Vehicle_2,104,35.81973017248858,-117.3877011652909,Clear,Breakdown,0,Normal
2024-12-08 10:30:00,Vehicle_3,42,37.70441895650278,-95.13774212709473,Clear,None,1,Accident
2024-12-08 10:45:00,Vehicle_4,84,38.2092770978295,-75.39798968923729,Moderate,Breakdown,0,Congestion
2024-12-08 11:00:00,Vehicle_5,52,34.10620792334473,-92.11492727461598,Clear,Police Blockade,1,Congestion
2024-12-08 11:15:00,Vehicle_6,74,36.419859013080384,-113.4985414255476,Clear,Accident,0,Congestion
2024-12-08 11:30:00,Vehicle_7,41,37.94696824283731,-94.82276078471965,Moderate,Traffic Jam,1,Congestion
2024-12-08 11:45:00,Vehicle_8,46,39.50707870094911,-94.17497075969737,Light,Breakdown,0,Normal
2024-12-08 12:00:00,Vehicle_9,75,39.595540468150006,-88.5944828930269,Light,Police Blockade,0,Accident
2024-12-08 12:15:00,Vehicle_10,85,39.30040073848296,-112.9969282408978,Light,None,0,Congestion
2024-12-08 12:30:00,Vehicle_1,87,38.67533638106108,-109.48174716614672,Heavy,None,0,Congestion
2024-12-08 12:45:00,Vehicle_2,33,34.76439225075012,-104.02464188499904,Heavy,Traffic Jam,0,Accident
2024-12-08 13:00:00,Vehicle_3,49,39.018911147611675,-109.38150440623609,Light,Traffic Jam,1,Accident
2024-12-08 13:15:00,Vehicle_4,34,34.184558645317104,-94.58231671890124,Clear,Accident,0,Accident
2024-12-08 13:30:00,Vehicle_5,83,36.284921198852786,-82.37846212508771,Moderate,Traffic Jam,0,Congestion
2024-12-08 13:45:00,Vehicle_6,112,34.80618633649848,-111.3716348297312,Moderate,None,0,Congestion
2024-12-08 14:00:00,Vehicle_7,95,35.55409635068436,-89.48518173556168,Light,None,0,Accident
2024-12-08 14:15:00,Vehicle_8,82,35.26039093053701,-97.97199163857086,Clear,None,0,Accident
2024-12-08 14:30:00,Vehicle_9,69,34.177986651455114,-99.34102794629314,Light,Traffic Jam,0,Normal
2024-12-08 14:45:00,Vehicle_10,82,37.932003920982496,-109.94775536927598,Clear,Traffic Jam,0,Accident
2024-12-08 15:00:00,Vehicle_1,118,38.84053211670088,-104.88869945499076,Light,None,0,Normal
2024-12-08 15:15:00,Vehicle_2,84,35.017496972466134,-117.81857060475747,Clear,Traffic Jam,1,Normal
2024-12-08 15:30:00,Vehicle_3,118,35.58690363676025,-105.44130650827402,Clear,Breakdown,0,Normal
2024-12-08 15:45:00,Vehicle_4,92,37.0090992104109,-93.63643670614806,Light,Accident,0,Accident
2024-12-08 16:00:00,Vehicle_5,93,34.19073653091169,-101.23667160116314,Light,None,0,Accident
2024-12-08 16:15:00,Vehicle_6,37,38.02214121048235,-103.9930831240001,Moderate,Traffic Jam,0,Congestion
2024-12-08 16:30:00,Vehicle_7,24,39.16916457654317,-91.56478583943115,Light,Traffic Jam,0,Congestion
2024-12-08 16:45:00,Vehicle_8,47,37.16254462700115,-92.4359954345864,Light,Breakdown,0,Congestion
2024-12-08 17:00:00,Vehicle_9,74,35.45975308901621,-96.90704662255314,Clear,Traffic Jam,0,Congestion
2024-12-08 17:15:00,Vehicle_10,75,35.7642731426502,-96.18843620007237,Clear,None,0,Accident
2024-12-08 17:30:00,Vehicle_1,102,36.387595488953274,-116.40927044280602,Moderate,None,0,Congestion
2024-12-08 17:45:00,Vehicle_2,24,39.745106945757925,-81.073812159863,Clear,Police Blockade,0,Congestion
2024-12-08 18:00:00,Vehicle_3,97,39.623800576973785,-113.23011089382742,Clear,Police Blockade,0,Normal
2024-12-08 18:15:00,Vehicle_4,69,36.632160569509544,-77.64546681564454,Heavy,None,0,Accident
2024-12-08 18:30:00,Vehicle_5,47,35.269288252511956,-95.17880377056412,Moderate,Police Blockade,0,Congestion
2024-12-08 18:45:00,Vehicle_6,50,36.55957748966628,-78.04109486682748,Clear,Police Blockade,1,Accident
2024-12-08 19:00:00,Vehicle_7,22,35.5786107001638,-101.77902412600889,Light,Accident,1,Normal
2024-12-08 19:15:00,Vehicle_8,44,38.3221347556194,-100.39959114165711,Light,None,0,Congestion
2024-12-08 19:30:00,Vehicle_9,69,37.915651924999636,-93.44857438729224,Heavy,Breakdown,0,Accident
2024-12-08 19:45:00,Vehicle_10,64,38.099046425560914,-118.45027488535081,Heavy,Police Blockade,0,Congestion
2024-12-08 20:00:00,Vehicle_1,104,36.02452199729,-113.2344894204577,Heavy,Accident,0,Accident
2024-12-08 20:15:00,Vehicle_2,42,34.27533163394802,-84.02182906224076,Light,Traffic Jam,0,Accident
2024-12-08 20:30:00,Vehicle_3,106,34.12741758048584,-93.0117471192184,Light,Traffic Jam,0,Accident
2024-12-08 20:45:00,Vehicle_4,89,34.590219684266636,-116.98042254864313,Moderate,Traffic Jam,0,Accident
2024-12-08 21:00:00,Vehicle_5,72,38.88720983096711,-78.39310931272185,Light,Police Blockade,0,Congestion
2024-12-08 21:15:00,Vehicle_6,76,38.242908364258525,-91.39683068840982,Heavy,Breakdown,0,Accident
2024-12-08 21:30:00,Vehicle_7,45,38.74329121560115,-80.97126213568478,Moderate,Accident,0,Accident
2024-12-08 21:45:00,Vehicle_8,89,39.768530716236846,-80.04953235889107,Heavy,Breakdown,0,Accident
2024-12-08 22:00:00,Vehicle_9,35,36.013551143508316,-113.41977852842855,Clear,Police Blockade,0,Congestion
2024-12-08 22:15:00,Vehicle_10,114,36.91030584207586,-87.66988717210175,Moderate,Police Blockade,1,Accident
2024-12-08 22:30:00,Vehicle_1,80,39.09414940381797,-107.98874998093935,Light,Traffic Jam,1,Accident
2024-12-08 22:45:00,Vehicle_2,44,37.56117455867155,-83.1473240910214,Heavy,Breakdown,0,Normal
2024-12-08 23:00:00,Vehicle_3,56,34.42241326765856,-84.76526505543211,Clear,None,0,Normal
2024-12-08 23:15:00,Vehicle_4,33,38.9519532878107,-97.77165170799861,Clear,Breakdown,0,Normal
2024-12-08 23:30:00,Vehicle_5,91,36.655310028405644,-112.67644017778255,Heavy,Police Blockade,0,Accident
2024-12-08 23:45:00,Vehicle_6,74,37.41038339910506,-98.22186755545924,Clear,None,0,Accident
2024-12-09 00:00:00,Vehicle_7,86,37.48362075623994,-74.54624604195376,Heavy,None,0,Accident
2024-12-09 00:15:00,Vehicle_8,53,38.84256015530083,-109.08488027824393,Light,Accident,0,Congestion
2024-12-09 00:30:00,Vehicle_9,115,34.56665738432351,-101.54529735483818,Clear,Traffic Jam,0,Accident
2024-12-09 00:45:00,Vehicle_10,81,34.28861587914772,-77.74006026218035,Heavy,Breakdown,0,Normal
2024-12-09 01:00:00,Vehicle_1,63,36.48175676530453,-115.08890568810479,Moderate,Police Blockade,0,Congestion
2024-12-09 01:15:00,Vehicle_2,77,34.2567975806109,-108.33457608600979,Heavy,Traffic Jam,1,Normal
2024-12-09 01:30:00,Vehicle_3,23,34.27225884689809,-114.27733887643132,Moderate,Traffic Jam,1,Accident
2024-12-09 01:45:00,Vehicle_4,60,39.86868845967521,-85.06905641966267,Light,Accident,0,Normal
2024-12-09 02:00:00,Vehicle_5,91,34.48678636281108,-92.57470880640568,Moderate,Accident,0,Accident
2024-12-09 02:15:00,Vehicle_6,119,38.378150596289174,-77.19829856789963,Light,Traffic Jam,0,Normal
2024-12-09 02:30:00,Vehicle_7,114,39.75496809718985,-113.94966620489001,Clear,None,0,Normal
2024-12-09 02:45:00,Vehicle_8,80,36.1896566874916,-117.38241546661258,Light,Breakdown,0,Accident
2024-12-09 03:00:00,Vehicle_9,112,37.96539130579718,-77.92731642188569,Moderate,Accident,0,Accident
2024-12-09 03:15:00,Vehicle_10,66,35.23372109548849,-84.45224017192288,Clear,None,0,Normal
2024-12-09 03:30:00,Vehicle_1,98,37.233825054967824,-85.27564806026967,Moderate,Breakdown,0,Congestion
2024-12-09 03:45:00,Vehicle_2,57,38.738104761187024,-75.78041639829055,Heavy,Breakdown,1,Normal
2024-12-09 04:00:00,Vehicle_3,53,34.97846207207443,-79.09030375303632,Clear,Police Blockade,0,Accident
2024-12-09 04:15:00,Vehicle_4,59,38.306529801707306,-81.68460050964671,Clear,Accident,0,Normal
2024-12-09 04:30:00,Vehicle_5,39,39.97145029548419,-98.14198403339279,Moderate,None,0,Congestion
2024-12-09 04:45:00,Vehicle_6,52,39.14089744089126,-89.43777794057698,Moderate,None,0,Accident
2024-12-09 05:00:00,Vehicle_7,97,34.80789204998186,-83.16319053334188,Heavy,Police Blockade,0,Congestion
2024-12-09 05:15:00,Vehicle_8,51,39.43629815041853,-74.94615123171285,Light,Police Blockade,0,Normal
2024-12-09 05:30:00,Vehicle_9,112,39.09544655932299,-115.88797420039307,Clear,Police Blockade,1,Accident
2024-12-09 05:45:00,Vehicle_10,82,36.808192362057305,-102.98288339747138,Moderate,Accident,0,Congestion
2024-12-09 06:00:00,Vehicle_1,102,35.146311845610654,-81.03228988282824,Light,Accident,0,Normal
2024-12-09 06:15:00,Vehicle_2,71,39.957798734299,-108.22790322766608,Light,Accident,0,Normal
2024-12-09 06:30:00,Vehicle_3,53,35.00217634853584,-105.66777602771151,Moderate,Police Blockade,0,Accident
2024-12-09 06:45:00,Vehicle_4,75,36.631459813949284,-101.35959021270972,Heavy,Police Blockade,0,Accident
2024-12-09 07:00:00,Vehicle_5,43,35.65326929968153,-102.75311652122994,Moderate,Police Blockade,1,Congestion
2024-12-09 07:15:00,Vehicle_6,53,39.44277496365969,-92.19864118627454,Moderate,Traffic Jam,0,Normal
2024-12-09 07:30:00,Vehicle_7,95,37.922806427511354,-86.73111125507019,Heavy,None,0,Accident
2024-12-09 07:45:00,Vehicle_8,118,37.60834797596735,-94.51644305673273,Heavy,None,0,Congestion
2024-12-09 08:00:00,Vehicle_9,116,38.073072221258855,-114.52870966376021,Clear,Police Blockade,0,Normal
2024-12-09 08:15:00,Vehicle_10,58,37.53045579725564,-101.4564465593003,Clear,Traffic Jam,0,Congestion
2024-12-09 08:30:00,Vehicle_1,75,35.58234022256801,-77.74671932463104,Clear,Traffic Jam,0,Congestion
2024-12-09 08:45:00,Vehicle_2,31,38.265330920035574,-92.94381921569547,Moderate,None,0,Normal
2024-12-09 09:00:00,Vehicle_3,61,39.27126949176534,-84.05412475998708,Moderate,None,1,Normal
2024-12-09 09:15:00,Vehicle_4,99,39.540319136486275,-91.31014015494742,Light,Breakdown,1,Normal
2024-12-09 09:30:00,Vehicle_5,31,39.070976212760755,-114.90852041648661,Moderate,Police Blockade,0,Congestion
2024-12-09 09:45:00,Vehicle_6,61,37.82273506786873,-83.60357116160212,Clear,Police Blockade,0,Accident
2024-12-09 10:00:00,Vehicle_7,32,34.193629587741626,-76.53076868757722,Heavy,Accident,0,Congestion
2024-12-09 10:15:00,Vehicle_8,87,34.425060068142685,-81.19903088003987,Light,None,0,Normal
2024-12-09 10:30:00,Vehicle_9,94,36.14883895264224,-107.03078940109314,Clear,Traffic Jam,0,Accident
2024-12-09 10:45:00,Vehicle_10,93,36.811236857843795,-86.91400218838822,Clear,Breakdown,0,Accident
2024-12-09 11:00:00,Vehicle_1,89,37.51440231070255,-83.21624466869301,Light,Accident,0,Normal
2024-12-09 11:15:00,Vehicle_2,113,39.94915918845027,-107.5215606206326,Clear,Accident,0,Congestion
2024-12-09 11:30:00,Vehicle_3,39,39.736785264381,-89.75236859448619,Heavy,None,0,Normal
2024-12-09 11:45:00,Vehicle_4,114,34.405510088549114,-107.77482749904733,Heavy,None,0,Congestion
2024-12-09 12:00:00,Vehicle_5,54,35.09639157414301,-84.75056852786975,Heavy,Breakdown,0,Accident
2024-12-09 12:15:00,Vehicle_6,97,38.4020619781328,-84.22068128596108,Moderate,Traffic Jam,0,Congestion
2024-12-09 12:30:00,Vehicle_7,62,35.63467041334729,-75.57203882759975,Clear,None,0,Normal
2024-12-09 12:45:00,Vehicle_8,74,36.395961089359105,-95.66611536983929,Light,Police Blockade,0,Accident
2024-12-09 13:00:00,Vehicle_9,94,37.632685389725566,-80.04096122015235,Light,Breakdown,0,Accident
2024-12-09 13:15:00,Vehicle_10,33,35.34143321234008,-75.03652978532232,Clear,Traffic Jam,0,Congestion
2024-12-09 13:30:00,Vehicle_1,98,39.75631393955597,-74.4885639318299,Clear,None,0,Congestion
2024-12-09 13:45:00,Vehicle_2,117,38.36470007089962,-102.86067519398694,Heavy,Breakdown,0,Normal
2024-12-09 14:00:00,Vehicle_3,109,37.41427895866004,-84.95421677599755,Moderate,None,1,Congestion
2024-12-09 14:15:00,Vehicle_4,68,36.07711780376952,-92.75259259003542,Heavy,Traffic Jam,0,Normal
2024-12-09 14:30:00,Vehicle_5,104,37.09546017559182,-86.63298218362944,Heavy,Police Blockade,0,Accident
2024-12-09 14:45:00,Vehicle_6,41,39.14322063494091,-104.7737842157442,Clear,Traffic Jam,0,Accident
2024-12-09 15:00:00,Vehicle_7,85,36.50672433408175,-114.88297336728745,Light,Accident,0,Accident
2024-12-09 15:15:00,Vehicle_8,110,39.77931186818753,-77.31969678884197,Moderate,Traffic Jam,1,Accident
2024-12-09 15:30:00,Vehicle_9,120,35.63835805590944,-115.16214332363707,Clear,Police Blockade,0,Normal
2024-12-09 15:45:00,Vehicle_10,77,35.808496105730825,-100.39901504375148,Clear,None,0,Normal
2024-12-09 16:00:00,Vehicle_1,79,39.244925745125634,-104.41267286785674,Heavy,Breakdown,1,Congestion
2024-12-09 16:15:00,Vehicle_2,90,37.65441212483893,-101.99956507681848,Clear,None,1,Accident
2024-12-09 16:30:00,Vehicle_3,39,39.55844196764387,-104.1732055580579,Heavy,Police Blockade,0,Normal
2024-12-09 16:45:00,Vehicle_4,31,35.05568730364845,-79.83539031962201,Light,Police Blockade,0,Congestion
2024-12-09 17:00:00,Vehicle_5,74,39.25157667912626,-79.58800139462586,Heavy,Accident,1,Accident
2024-12-09 17:15:00,Vehicle_6,82,36.15806712040095,-104.03021723506329,Moderate,Breakdown,0,Normal
2024-12-09 17:30:00,Vehicle_7,95,35.44684663053094,-113.21688624876454,Heavy,Police Blockade,0,Normal
2024-12-09 17:45:00,Vehicle_8,93,35.18181966855999,-81.87304527522316,Heavy,None,0,Normal
2024-12-09 18:00:00,Vehicle_9,71,39.993889450791166,-98.34458929483638,Heavy,Breakdown,0,Accident
2024-12-09 18:15:00,Vehicle_10,28,35.5912450243282,-102.73273542608432,Heavy,Breakdown,0,Accident
2024-12-09 18:30:00,Vehicle_1,56,36.63438142423668,-80.13352474676473,Moderate,Traffic Jam,0,Accident
2024-12-09 18:45:00,Vehicle_2,32,36.552651256796686,-114.99057232077864,Heavy,Accident,0,Congestion
2024-12-09 19:00:00,Vehicle_3,64,35.28012006998081,-117.04307889739916,Light,Traffic Jam,0,Accident
2024-12-09 19:15:00,Vehicle_4,117,38.38246849272011,-108.15935009206923,Clear,Breakdown,0,Accident
2024-12-09 19:30:00,Vehicle_5,28,34.286195071438414,-99.73927930904871,Light,Accident,0,Accident
2024-12-09 19:45:00,Vehicle_6,33,38.689072835516306,-73.8345005873818,Light,Traffic Jam,0,Accident
2024-12-09 20:00:00,Vehicle_7,89,37.319099953984434,-111.56126400221093,Heavy,Police Blockade,0,Congestion
2024-12-09 20:15:00,Vehicle_8,120,38.32017688115832,-74.21661268850242,Heavy,Police Blockade,0,Normal
2024-12-09 20:30:00,Vehicle_9,36,39.62698274888614,-98.62603660309264,Light,Accident,0,Accident
2024-12-09 20:45:00,Vehicle_10,41,38.6245580977187,-90.88205421263093,Heavy,Breakdown,0,Normal
2024-12-09 21:00:00,Vehicle_1,28,34.25672144599018,-90.30911351385289,Clear,Police Blockade,0,Congestion
2024-12-09 21:15:00,Vehicle_2,72,37.81726258521797,-96.90375665492452,Moderate,Police Blockade,0,Normal
2024-12-09 21:30:00,Vehicle_3,68,35.23688413591681,-91.33915142900031,Light,Breakdown,1,Accident
2024-12-09 21:45:00,Vehicle_4,64,37.3181690132719,-104.99101105760377,Light,Breakdown,1,Accident
2024-12-09 22:00:00,Vehicle_5,100,36.48225006166836,-99.77232465595539,Light,Accident,0,Normal
2024-12-09 22:15:00,Vehicle_6,30,36.943001782767425,-82.29172791292241,Clear,Police Blockade,1,Normal
2024-12-09 22:30:00,Vehicle_7,43,38.79073213560558,-79.9974980003822,Clear,Breakdown,0,Accident
2024-12-09 22:45:00,Vehicle_8,22,38.60752577375232,-103.59943169985137,Light,Traffic Jam,0,Congestion
2024-12-09 23:00:00,Vehicle_9,38,37.76669549010504,-117.71112572763238,Heavy,Accident,0,Accident
2024-12-09 23:15:00,Vehicle_10,34,39.83243117779967,-81.89924071439526,Light,Police Blockade,0,Accident
2024-12-09 23:30:00,Vehicle_1,31,37.90073758695441,-116.29551956920506,Clear,Breakdown,0,Normal
2024-12-09 23:45:00,Vehicle_2,85,36.410669249892976,-85.12519853483715,Clear,None,0,Normal
2024-12-10 00:00:00,Vehicle_3,118,35.53580491031363,-117.82955454828782,Light,Traffic Jam,1,Normal
2024-12-10 00:15:00,Vehicle_4,34,39.438796892200955,-113.96378911009732,Moderate,Traffic Jam,0,Accident
2024-12-10 00:30:00,Vehicle_5,117,39.19642475694876,-97.84615132637852,Heavy,Police Blockade,1,Congestion
2024-12-10 00:45:00,Vehicle_6,47,39.947895771238954,-78.90283577191812,Clear,Traffic Jam,0,Normal
2024-12-10 01:00:00,Vehicle_7,34,38.16016607369767,-110.58595039281678,Light,None,0,Accident
2024-12-10 01:15:00,Vehicle_8,75,34.49755972568396,-95.66261531078264,Moderate,None,0,Normal
2024-12-10 01:30:00,Vehicle_9,33,39.62878213112018,-118.16112449237006,Light,Traffic Jam,0,Accident
2024-12-10 01:45:00,Vehicle_10,36,35.93008470178298,-88.06499480504014,Heavy,Traffic Jam,0,Accident
2024-12-10 02:00:00,Vehicle_1,69,36.37596049293782,-82.91245607916309,Clear,Traffic Jam,0,Accident
2024-12-10 02:15:00,Vehicle_2,39,36.813857860478535,-92.18203361536845,Light,Accident,0,Normal
2024-12-10 02:30:00,Vehicle_3,103,37.59124851767457,-89.08971659512301,Moderate,Accident,0,Congestion
2024-12-10 02:45:00,Vehicle_4,42,35.08840619468512,-92.04891151308381,Heavy,Accident,0,Congestion
2024-12-10 03:00:00,Vehicle_5,79,38.33896491425403,-90.86118210442903,Moderate,Traffic Jam,0,Accident
2024-12-10 03:15:00,Vehicle_6,23,38.8321967593675,-74.33455123476756,Clear,Police Blockade,1,Normal
2024-12-10 03:30:00,Vehicle_7,95,39.16417608935267,-118.36721765626862,Light,Traffic Jam,0,Congestion
2024-12-10 03:45:00,Vehicle_8,91,38.526226786634076,-99.2916038917559,Heavy,Accident,0,Congestion
2024-12-10 04:00:00,Vehicle_9,54,38.86320534909243,-110.22983400685007,Heavy,Breakdown,0,Normal
2024-12-10 04:15:00,Vehicle_10,97,36.807278335730054,-104.43940840834709,Clear,Police Blockade,0,Congestion
2024-12-10 04:30:00,Vehicle_1,105,34.78014665788494,-86.21593700118486,Heavy,Breakdown,0,Normal
2024-12-10 04:45:00,Vehicle_2,81,38.88027248104866,-103.69593280089578,Heavy,Breakdown,0,Congestion
2024-12-10 05:00:00,Vehicle_3,51,39.065590277328035,-98.74554618996741,Heavy,Police Blockade,0,Congestion
2024-12-10 05:15:00,Vehicle_4,94,34.821046399505114,-97.97009423240658,Light,Breakdown,0,Congestion
2024-12-10 05:30:00,Vehicle_5,94,35.51594182809187,-90.40221350462082,Clear,Police Blockade,1,Normal
2024-12-10 05:45:00,Vehicle_6,96,36.54570712417111,-85.62606888375063,Moderate,Accident,1,Congestion
2024-12-10 06:00:00,Vehicle_7,50,36.474108388868544,-104.74725173858154,Heavy,Traffic Jam,1,Accident
2024-12-10 06:15:00,Vehicle_8,73,34.69912855182607,-112.9408014463611,Heavy,Traffic Jam,0,Congestion
2024-12-10 06:30:00,Vehicle_9,96,39.973764446620464,-113.14737890690141,Clear,None,1,Normal
2024-12-10 06:45:00,Vehicle_10,85,38.66509002957531,-79.1606449290787,Moderate,Police Blockade,0,Congestion
2024-12-10 07:00:00,Vehicle_1,47,39.02054665614277,-84.9217379786295,Moderate,None,0,Congestion
2024-12-10 07:15:00,Vehicle_2,57,38.61774225074714,-102.25456188882666,Moderate,Traffic Jam,0,Congestion
2024-12-10 07:30:00,Vehicle_3,34,34.41755462987858,-118.26783406625684,Moderate,Police Blockade,0,Congestion
2024-12-10 07:45:00,Vehicle_4,28,37.33099071692431,-79.37611637179407,Light,Breakdown,0,Normal
2024-12-10 08:00:00,Vehicle_5,61,39.44247104427478,-85.30724560818436,Heavy,Breakdown,0,Congestion
2024-12-10 08:15:00,Vehicle_6,88,37.32436724969726,-76.54578614249084,Clear,Breakdown,0,Accident
2024-12-10 08:30:00,Vehicle_7,111,36.49052750310527,-95.72770403048204,Light,Accident,0,Accident
2024-12-10 08:45:00,Vehicle_8,68,39.17575259678187,-75.7433771810665,Moderate,None,0,Accident
2024-12-10 09:00:00,Vehicle_9,120,39.864189985858616,-97.29942243271998,Light,Breakdown,0,Accident
2024-12-10 09:15:00,Vehicle_10,57,35.31271081557409,-103.75441507038974,Heavy,Police Blockade,0,Normal
2024-12-10 09:30:00,Vehicle_1,65,34.931114235851865,-73.92893131786884,Light,Traffic Jam,0,Normal
2024-12-10 09:45:00,Vehicle_2,56,36.556979839350895,-76.31293825120912,Heavy,Accident,0,Accident
2024-12-10 10:00:00,Vehicle_3,102,35.74444708831199,-74.40512301837009,Heavy,Accident,0,Accident
2024-12-10 10:15:00,Vehicle_4,73,34.68839770067593,-97.59680006363516,Heavy,Police Blockade,0,Congestion
2024-12-10 10:30:00,Vehicle_5,47,34.75994594427082,-78.43828664488791,Clear,None,0,Normal
2024-12-10 10:45:00,Vehicle_6,92,36.80485385808871,-107.27191306634496,Moderate,Police Blockade,1,Accident
2024-12-10 11:00:00,Vehicle_7,29,39.72153859300388,-79.83096845332082,Moderate,Accident,0,Accident
2024-12-10 11:15:00,Vehicle_8,46,37.74402552756361,-110.82384759998219,Clear,None,0,Congestion
2024-12-10 11:30:00,Vehicle_9,92,36.342215055972005,-115.75955368303053,Heavy,Traffic Jam,1,Normal
2024-12-10 11:45:00,Vehicle_10,115,39.85541197812272,-118.35723890857851,Heavy,Traffic Jam,0,Accident
2024-12-10 12:00:00,Vehicle_1,108,34.29792269877125,-75.61901208754038,Moderate,None,0,Accident
2024-12-10 12:15:00,Vehicle_2,63,38.74525461207541,-107.06913328944967,Clear,Traffic Jam,0,Accident
2024-12-10 12:30:00,Vehicle_3,22,37.30315947801377,-109.13777526690819,Light,None,1,Congestion
2024-12-10 12:45:00,Vehicle_4,101,35.428635904874476,-92.26041567122476,Clear,None,1,Congestion
2024-12-10 13:00:00,Vehicle_5,111,36.88205465421318,-114.13576070781714,Heavy,None,0,Normal
2024-12-10 13:15:00,Vehicle_6,69,34.5730351091122,-103.47189649469678,Heavy,Traffic Jam,0,Normal
2024-12-10 13:30:00,Vehicle_7,109,34.27954578135152,-76.1112327854841,Clear,None,0,Accident
2024-12-10 13:45:00,Vehicle_8,76,37.479326444970866,-86.46851255878393,Moderate,Breakdown,0,Normal
2024-12-10 14:00:00,Vehicle_9,44,34.024472616013426,-111.35063936402133,Clear,None,0,Accident
2024-12-10 14:15:00,Vehicle_10,97,38.54336464854351,-104.53786241371753,Light,Breakdown,0,Accident
2024-12-10 14:30:00,Vehicle_1,29,37.64048730135837,-98.89143789198803,Clear,Police Blockade,0,Normal
2024-12-10 14:45:00,Vehicle_2,71,34.095881872030986,-82.71682023929543,Clear,Traffic Jam,0,Normal
2024-12-10 15:00:00,Vehicle_3,34,36.8394910395066,-74.54140896054678,Light,None,0,Normal
2024-12-10 15:15:00,Vehicle_4,35,38.93193480816691,-87.22988879372232,Heavy,None,0,Accident
2024-12-10 15:30:00,Vehicle_5,74,38.56029622040769,-111.63006348631343,Light,None,0,Accident
2024-12-10 15:45:00,Vehicle_6,120,38.84055721849089,-105.98708378345012,Light,Breakdown,0,Normal
2024-12-10 16:00:00,Vehicle_7,93,35.15365807273401,-76.28912549195555,Light,Police Blockade,1,Normal
2024-12-10 16:15:00,Vehicle_8,42,35.80704931229163,-79.72141521728474,Moderate,Accident,0,Accident
2024-12-10 16:30:00,Vehicle_9,20,34.86830902299353,-96.39313297141555,Light,None,0,Normal
2024-12-10 16:45:00,Vehicle_10,86,39.17147722506028,-112.67523643541436,Moderate,Police Blockade,0,Accident
2024-12-10 17:00:00,Vehicle_1,67,37.04398248142845,-82.60771978165617,Heavy,Accident,0,Accident
2024-12-10 17:15:00,Vehicle_2,38,36.06080404442966,-89.5715770350812,Heavy,Breakdown,0,Normal
2024-12-10 17:30:00,Vehicle_3,32,36.79915548792413,-90.2672347227258,Clear,Accident,0,Congestion
2024-12-10 17:45:00,Vehicle_4,47,37.79701138173009,-94.16810781424884,Moderate,None,1,Normal
2024-12-10 18:00:00,Vehicle_5,49,35.59726971831977,-111.9784592241179,Clear,Traffic Jam,0,Accident
2024-12-10 18:15:00,Vehicle_6,72,37.01028137023553,-92.00611983841148,Moderate,Breakdown,0,Normal
2024-12-10 18:30:00,Vehicle_7,108,36.59478827246677,-95.27739029340067,Light,None,0,Accident
2024-12-10 18:45:00,Vehicle_8,78,39.4698697800294,-78.1654544167767,Heavy,Traffic Jam,0,Accident
2024-12-10 19:00:00,Vehicle_9,92,35.093564793825365,-95.24663297542754,Moderate,Breakdown,0,Normal
2024-12-10 19:15:00,Vehicle_10,79,38.29159730269729,-76.76142193446054,Light,Accident,0,Normal
2024-12-10 19:30:00,Vehicle_1,96,34.116113340469,-117.76781206302817,Clear,Traffic Jam,0,Congestion
2024-12-10 19:45:00,Vehicle_2,88,35.31083409401976,-99.0521108374183,Light,None,0,Normal
2024-12-10 20:00:00,Vehicle_3,68,37.4490472771174,-89.08811524874629,Clear,None,1,Congestion
2024-12-10 20:15:00,Vehicle_4,119,35.309681461474895,-87.66614072470014,Moderate,None,0,Normal
2024-12-10 20:30:00,Vehicle_5,110,34.74711070192627,-115.0710351550899,Clear,Traffic Jam,0,Accident
2024-12-10 20:45:00,Vehicle_6,33,38.97987111194587,-117.16339503095467,Moderate,None,1,Normal
2024-12-10 21:00:00,Vehicle_7,64,34.58305551937619,-91.17754067005654,Light,Police Blockade,0,Congestion
2024-12-10 21:15:00,Vehicle_8,49,38.82442315960704,-113.65478810371464,Heavy,Breakdown,0,Congestion
2024-12-10 21:30:00,Vehicle_9,114,38.18112400750616,-117.67800613403658,Light,Breakdown,0,Congestion
2024-12-10 21:45:00,Vehicle_10,34,36.17292830612599,-92.79854770143483,Heavy,None,0,Congestion
2024-12-10 22:00:00,Vehicle_1,111,38.39028214651412,-94.6243281464244,Clear,Breakdown,1,Normal
2024-12-10 22:15:00,Vehicle_2,81,38.9278242798946,-80.61674086540053,Clear,Accident,0,Normal
2024-12-10 22:30:00,Vehicle_3,48,37.145618033744405,-117.25918581169421,Light,Breakdown,0,Normal
2024-12-10 22:45:00,Vehicle_4,33,36.37290554032595,-96.16885321336758,Clear,Breakdown,0,Normal
2024-12-10 23:00:00,Vehicle_5,73,35.15564961147421,-113.6837064540432,Heavy,Police Blockade,0,Congestion
2024-12-10 23:15:00,Vehicle_6,118,34.66886245949419,-99.27120758377009,Light,Police Blockade,0,Accident
2024-12-10 23:30:00,Vehicle_7,36,34.72844951688861,-91.19633507905205,Clear,Accident,0,Normal
2024-12-10 23:45:00,Vehicle_8,95,37.378163780921255,-114.07499100270034,Moderate,Traffic Jam,0,Congestion
2024-12-11 00:00:00,Vehicle_9,48,37.43364266772123,-99.19773259754591,Moderate,Police Blockade,0,Accident
2024-12-11 00:15:00,Vehicle_10,73,37.41766658538033,-74.77669108252269,Clear,Breakdown,0,Accident
2024-12-11 00:30:00,Vehicle_1,101,36.0346483180496,-77.2128100898214,Clear,Accident,0,Congestion
2024-12-11 00:45:00,Vehicle_2,83,36.50058628870902,-106.13025544037194,Moderate,Traffic Jam,0,Normal
2024-12-11 01:00:00,Vehicle_3,48,34.10727884298699,-75.82872248851916,Moderate,None,0,Accident
2024-12-11 01:15:00,Vehicle_4,63,34.35916076266741,-117.14223240871696,Light,Breakdown,1,Congestion
2024-12-11 01:30:00,Vehicle_5,119,36.8567482668313,-78.4158509343345,Moderate,Traffic Jam,0,Congestion
2024-12-11 01:45:00,Vehicle_6,115,34.19399341826685,-84.4098516072225,Moderate,Accident,0,Normal
2024-12-11 02:00:00,Vehicle_7,84,36.39078950173779,-117.91121753097691,Light,Accident,0,Congestion
2024-12-11 02:15:00,Vehicle_8,81,34.90311740968853,-113.92493409386964,Moderate,Accident,0,Accident
2024-12-11 02:30:00,Vehicle_9,37,39.36174834471077,-81.1540003356175,Clear,Accident,0,Normal
2024-12-11 02:45:00,Vehicle_10,57,35.86863822387693,-114.96913894542381,Light,Police Blockade,0,Congestion
2024-12-11 03:00:00,Vehicle_1,23,38.38053898139219,-105.3568851622731,Light,Police Blockade,0,Accident
2024-12-11 03:15:00,Vehicle_2,95,39.8319213496507,-117.58057352003603,Clear,None,0,Normal
2024-12-11 03:30:00,Vehicle_3,105,36.13994509456899,-111.0279290974334,Heavy,Traffic Jam,1,Congestion
2024-12-11 03:45:00,Vehicle_4,100,34.86271779267782,-74.54712586194418,Clear,None,1,Accident
2024-12-11 04:00:00,Vehicle_5,50,35.6671689555941,-90.90105264324143,Moderate,Police Blockade,0,Congestion
2024-12-11 04:15:00,Vehicle_6,90,35.28528563977845,-85.1524643062823,Heavy,Breakdown,1,Normal
2024-12-11 04:30:00,Vehicle_7,39,38.84785227068839,-98.42854501178343,Light,Police Blockade,0,Congestion
2024-12-11 04:45:00,Vehicle_8,24,34.21961264143508,-103.1661457620414,Heavy,Traffic Jam,0,Accident
2024-12-11 05:00:00,Vehicle_9,83,39.26990095227416,-95.4611222410987,Moderate,None,0,Accident
2024-12-11 05:15:00,Vehicle_10,74,39.405070480236596,-83.18299685833222,Light,Traffic Jam,0,Congestion
2024-12-11 05:30:00,Vehicle_1,81,35.95097730248595,-94.51791562462232,Light,Accident,0,Accident
2024-12-11 05:45:00,Vehicle_2,47,37.72375822723714,-97.89408033097769,Light,Breakdown,0,Accident
2024-12-11 06:00:00,Vehicle_3,57,38.49471380733185,-90.63785844422951,Moderate,None,1,Accident
2024-12-11 06:15:00,Vehicle_4,35,36.640083867210485,-89.62406442632894,Heavy,Police Blockade,0,Congestion
2024-12-11 06:30:00,Vehicle_5,77,37.89373837187769,-93.59909266951031,Light,Breakdown,0,Accident
2024-12-11 06:45:00,Vehicle_6,30,35.213654333184195,-109.4547127899369,Clear,Breakdown,0,Congestion
2024-12-11 07:00:00,Vehicle_7,105,39.50610350171859,-76.5991296686245,Light,Breakdown,0,Normal
2024-12-11 07:15:00,Vehicle_8,47,35.00445725533727,-117.46007000644599,Light,Traffic Jam,0,Congestion
2024-12-11 07:30:00,Vehicle_9,115,36.7804601112643,-81.00347648497905,Moderate,None,0,Normal
2024-12-11 07:45:00,Vehicle_10,55,38.176420918222725,-90.27956666551937,Light,Traffic Jam,0,Normal
2024-12-11 08:00:00,Vehicle_1,89,37.150231951364404,-98.93633353640244,Heavy,None,0,Congestion
2024-12-11 08:15:00,Vehicle_2,91,37.08522306900114,-110.15017577367848,Clear,None,0,Congestion
2024-12-11 08:30:00,Vehicle_3,117,35.997444254270434,-107.28153795702227,Light,Traffic Jam,1,Accident
2024-12-11 08:45:00,Vehicle_4,25,39.945158330172745,-96.17247695932059,Light,Breakdown,0,Congestion
2024-12-11 09:00:00,Vehicle_5,26,35.490061446227095,-100.23134701449763,Moderate,Accident,0,Normal
2024-12-11 09:15:00,Vehicle_6,91,35.748454106136464,-99.87185423814084,Moderate,None,0,Accident
2024-12-11 09:30:00,Vehicle_7,23,37.99074669337234,-77.85386896723392,Clear,Traffic Jam,0,Normal
2024-12-11 09:45:00,Vehicle_8,76,37.79606554478836,-112.95742342662336,Moderate,Breakdown,0,Accident
2024-12-11 10:00:00,Vehicle_9,93,38.31325398570144,-107.29610761759993,Moderate,Breakdown,0,Congestion
2024-12-11 10:15:00,Vehicle_10,80,38.55153159652404,-78.15574572494953,Light,Traffic Jam,0,Accident
2024-12-11 10:30:00,Vehicle_1,89,39.135240435644214,-97.20907641002174,Moderate,Traffic Jam,0,Congestion
2024-12-11 10:45:00,Vehicle_2,91,34.145847229372215,-89.96927261175775,Moderate,Police Blockade,0,Accident
2024-12-11 11:00:00,Vehicle_3,65,37.41700207650618,-118.21524115873116,Heavy,Accident,0,Normal
2024-12-11 11:15:00,Vehicle_4,105,37.255997625521516,-97.17522548739501,Clear,Breakdown,0,Normal
2024-12-11 11:30:00,Vehicle_5,26,37.863519647840604,-106.00050170183587,Moderate,Accident,0,Normal
2024-12-11 11:45:00,Vehicle_6,88,39.93538634480933,-80.42349368437861,Clear,None,0,Congestion
2024-12-11 12:00:00,Vehicle_7,60,35.13245746831164,-94.08071626023937,Light,None,0,Normal
2024-12-11 12:15:00,Vehicle_8,86,37.59152025538133,-109.42750677511623,Moderate,None,1,Congestion
2024-12-11 12:30:00,Vehicle_9,91,39.12229579187106,-117.19474574158129,Moderate,None,0,Congestion
2024-12-11 12:45:00,Vehicle_10,42,39.51417291035792,-81.31687034418096,Clear,Traffic Jam,0,Accident
2024-12-11 13:00:00,Vehicle_1,96,34.6148908751135,-112.43062360058413,Light,None,0,Accident
2024-12-11 13:15:00,Vehicle_2,102,37.11667021988812,-97.38994124994714,Clear,None,0,Normal
2024-12-11 13:30:00,Vehicle_3,64,34.094815946378944,-96.6072193350412,Clear,Traffic Jam,0,Normal
2024-12-11 13:45:00,Vehicle_4,72,35.92466925198509,-92.38980588038385,Moderate,Police Blockade,0,Accident
2024-12-11 14:00:00,Vehicle_5,25,34.2806432003017,-103.30924220060153,Clear,Traffic Jam,0,Congestion
2024-12-11 14:15:00,Vehicle_6,109,38.976789454351845,-87.1518465681023,Light,Police Blockade,0,Accident
2024-12-11 14:30:00,Vehicle_7,81,37.78279338895305,-103.06216833855291,Heavy,None,0,Congestion
2024-12-11 14:45:00,Vehicle_8,20,36.25519368464783,-110.41783016282433,Moderate,None,0,Congestion
2024-12-11 15:00:00,Vehicle_9,29,39.2111596587017,-117.74218309416553,Moderate,Police Blockade,0,Normal
2024-12-11 15:15:00,Vehicle_10,67,39.79687136111961,-76.0855422856534,Heavy,Accident,0,Accident
2024-12-11 15:30:00,Vehicle_1,72,34.029490707993205,-74.35658827182046,Clear,Breakdown,0,Normal
2024-12-11 15:45:00,Vehicle_2,22,34.936233264823144,-91.71018508912144,Heavy,Traffic Jam,0,Normal
2024-12-11 16:00:00,Vehicle_3,83,38.508084263362846,-80.30667505640352,Heavy,Police Blockade,1,Normal
2024-12-11 16:15:00,Vehicle_4,61,37.48435374214721,-87.62621872279715,Clear,Traffic Jam,0,Accident
2024-12-11 16:30:00,Vehicle_5,108,35.631073609216976,-116.54238009925973,Moderate,None,0,Congestion
2024-12-11 16:45:00,Vehicle_6,65,36.25136324247403,-118.08711382598138,Moderate,Police Blockade,0,Accident
2024-12-11 17:00:00,Vehicle_7,111,39.49047580074866,-95.65847940868427,Clear,None,0,Accident
2024-12-11 17:15:00,Vehicle_8,58,34.75023943325875,-111.74657410877973,Moderate,Police Blockade,1,Normal
2024-12-11 17:30:00,Vehicle_9,38,35.66774390901331,-110.06559718878103,Light,Accident,0,Accident
2024-12-11 17:45:00,Vehicle_10,38,36.942952136996176,-106.54451931341806,Moderate,Accident,0,Normal
2024-12-11 18:00:00,Vehicle_1,118,36.8580534610503,-107.99864168619658,Light,Traffic Jam,0,Normal
2024-12-11 18:15:00,Vehicle_2,97,38.22267319776621,-115.39935796477245,Light,Police Blockade,0,Congestion
2024-12-11 18:30:00,Vehicle_3,51,34.09931680949954,-101.29532385894794,Moderate,Breakdown,0,Accident
2024-12-11 18:45:00,Vehicle_4,26,39.930324993234805,-118.38103844662922,Light,Breakdown,0,Congestion
2024-12-11 19:00:00,Vehicle_5,83,37.90951340931942,-86.63828096786204,Heavy,None,1,Accident
2024-12-11 19:15:00,Vehicle_6,83,38.5041186159732,-76.6112000456568,Moderate,Breakdown,0,Congestion
2024-12-11 19:30:00,Vehicle_7,72,34.00937814263238,-97.37308636431555,Light,Traffic Jam,0,Normal
2024-12-11 19:45:00,Vehicle_8,52,37.2687190674536,-90.69178975268326,Moderate,Breakdown,1,Accident
2024-12-11 20:00:00,Vehicle_9,24,34.06541224677143,-101.27893445581572,Light,Traffic Jam,0,Congestion
2024-12-11 20:15:00,Vehicle_10,42,36.29978661017442,-90.53665143052727,Light,None,1,Congestion
2024-12-11 20:30:00,Vehicle_1,97,39.17238987302201,-95.37090682763335,Moderate,None,0,Normal
2024-12-11 20:45:00,Vehicle_2,50,35.241006306294445,-86.859597736035,Moderate,Police Blockade,0,Normal
2024-12-11 21:00:00,Vehicle_3,68,38.89872767628037,-101.957018877734,Clear,Breakdown,0,Normal
2024-12-11 21:15:00,Vehicle_4,73,38.69612857905537,-88.01338610274281,Light,Breakdown,0,Normal
2024-12-11 21:30:00,Vehicle_5,111,39.915033371207215,-102.25531775384502,Heavy,Accident,0,Accident
2024-12-11 21:45:00,Vehicle_6,88,37.28850890099723,-97.72071900500731,Moderate,Accident,1,Congestion
2024-12-11 22:00:00,Vehicle_7,86,34.959305337961915,-105.21356467931145,Light,None,0,Normal
2024-12-11 22:15:00,Vehicle_8,54,39.372645124331925,-83.16509205404807,Moderate,None,0,Accident
2024-12-11 22:30:00,Vehicle_9,97,38.192119988212035,-115.4709324597812,Moderate,Accident,0,Normal
2024-12-11 22:45:00,Vehicle_10,112,36.85846789265986,-84.10943930909764,Light,Breakdown,0,Congestion
2024-12-11 23:00:00,Vehicle_1,53,34.907967652467306,-88.58926175624137,Clear,Accident,0,Accident
2024-12-11 23:15:00,Vehicle_2,62,36.7698312357294,-78.13406310582069,Clear,None,0,Normal
2024-12-11 23:30:00,Vehicle_3,87,37.229642727510395,-99.07522083690479,Moderate,Breakdown,0,Accident
2024-12-11 23:45:00,Vehicle_4,88,34.063884376517144,-98.40935358175064,Light,Traffic Jam,1,Normal
2024-12-12 00:00:00,Vehicle_5,52,36.58137472546822,-99.18884604442684,Heavy,Traffic Jam,1,Congestion
2024-12-12 00:15:00,Vehicle_6,93,35.3307744422226,-92.13741497426187,Heavy,None,0,Normal
2024-12-12 00:30:00,Vehicle_7,108,39.60362180441194,-80.23720872604706,Moderate,Traffic Jam,0,Congestion
2024-12-12 00:45:00,Vehicle_8,82,35.27421687903365,-101.69259226084495,Light,Accident,0,Normal
2024-12-12 01:00:00,Vehicle_9,77,37.02848732651037,-87.38827814479968,Light,None,0,Normal
2024-12-12 01:15:00,Vehicle_10,48,39.88817411940752,-115.60609311806022,Light,Accident,0,Accident
2024-12-12 01:30:00,Vehicle_1,63,34.52392974021099,-104.4819072558795,Moderate,Accident,0,Accident
2024-12-12 01:45:00,Vehicle_2,93,37.377183572662375,-101.15703549973203,Heavy,Breakdown,1,Accident
2024-12-12 02:00:00,Vehicle_3,88,35.34102165150959,-88.17151105483667,Heavy,Traffic Jam,1,Accident
2024-12-12 02:15:00,Vehicle_4,92,35.24387972335452,-76.77199060373829,Clear,None,0,Congestion
2024-12-12 02:30:00,Vehicle_5,55,37.041796650609214,-86.64605200403487,Clear,None,0,Accident
2024-12-12 02:45:00,Vehicle_6,33,34.96505657244379,-89.3751994102873,Clear,Breakdown,0,Normal
2024-12-12 03:00:00,Vehicle_7,43,34.458197395225746,-97.30124234648007,Heavy,Accident,0,Normal
2024-12-12 03:15:00,Vehicle_8,85,35.30146182979698,-105.35979845055509,Moderate,Breakdown,0,Accident
2024-12-12 03:30:00,Vehicle_9,23,36.7259090301937,-83.14150136772645,Moderate,Breakdown,0,Congestion
2024-12-12 03:45:00,Vehicle_10,42,35.22203311432565,-94.53424028968055,Moderate,None,0,Congestion
2024-12-12 04:00:00,Vehicle_1,37,38.11483728925068,-76.9406337211776,Light,None,0,Congestion
2024-12-12 04:15:00,Vehicle_2,72,34.529699036302816,-91.38662781727093,Heavy,Breakdown,0,Congestion
2024-12-12 04:30:00,Vehicle_3,85,38.60099185295254,-73.9377491766552,Light,None,1,Accident
2024-12-12 04:45:00,Vehicle_4,106,38.023211935477825,-94.84673482057532,Light,Traffic Jam,0,Congestion
2024-12-12 05:00:00,Vehicle_5,106,38.63077714211999,-97.89375124843752,Light,Accident,0,Normal
2024-12-12 05:15:00,Vehicle_6,113,39.60875775043502,-76.7817710437531,Moderate,None,1,Accident
2024-12-12 05:30:00,Vehicle_7,52,38.18361548809157,-85.57242410658003,Heavy,None,0,Normal
2024-12-12 05:45:00,Vehicle_8,37,39.73056454682894,-116.08658623261665,Clear,Police Blockade,0,Normal
2024-12-12 06:00:00,Vehicle_9,23,35.11275983240511,-81.42967444232147,Moderate,Accident,0,Accident
2024-12-12 06:15:00,Vehicle_10,73,37.86807055816015,-110.91755669944578,Heavy,Breakdown,0,Congestion
2024-12-12 06:30:00,Vehicle_1,20,34.968081809258244,-83.30513690127552,Light,Accident,0,Congestion
2024-12-12 06:45:00,Vehicle_2,117,36.95746871696748,-103.04596795139705,Heavy,Breakdown,0,Accident
2024-12-12 07:00:00,Vehicle_3,120,39.14262039236851,-80.74023368397488,Clear,Accident,0,Accident
2024-12-12 07:15:00,Vehicle_4,42,37.17293037072726,-85.07768755815835,Clear,Police Blockade,0,Congestion
2024-12-12 07:30:00,Vehicle_5,36,34.01806225035776,-118.10098307781736,Clear,Breakdown,1,Congestion
2024-12-12 07:45:00,Vehicle_6,89,38.464059123316055,-101.69588429309893,Clear,Traffic Jam,0,Accident
2024-12-12 08:00:00,Vehicle_7,44,36.90499598831958,-105.93166772911879,Moderate,Accident,1,Normal
2024-12-12 08:15:00,Vehicle_8,103,37.361572280229446,-85.75680940590942,Moderate,Police Blockade,0,Accident
2024-12-12 08:30:00,Vehicle_9,24,37.704336988911244,-91.08958559818862,Clear,Breakdown,0,Normal
2024-12-12 08:45:00,Vehicle_10,110,38.35275258754529,-82.63102910213593,Moderate,Police Blockade,0,Normal
2024-12-12 09:00:00,Vehicle_1,99,35.56377862962266,-88.71044326152021,Moderate,Police Blockade,0,Normal
2024-12-12 09:15:00,Vehicle_2,80,39.67482940492117,-109.0242499615143,Moderate,Traffic Jam,0,Congestion
2024-12-12 09:30:00,Vehicle_3,105,35.97490745636325,-106.74657212617241,Light,Traffic Jam,0,Congestion
2024-12-12 09:45:00,Vehicle_4,57,38.56055383587246,-84.56768161213495,Light,Accident,1,Accident
2024-12-12 10:00:00,Vehicle_5,94,39.20708681710087,-99.24362816771387,Clear,Breakdown,0,Normal
2024-12-12 10:15:00,Vehicle_6,29,36.85502787711248,-94.27774726170932,Clear,Traffic Jam,0,Accident
2024-12-12 10:30:00,Vehicle_7,106,34.17800825102929,-95.50782037339971,Moderate,Accident,0,Congestion
2024-12-12 10:45:00,Vehicle_8,48,39.52676151779358,-106.47952594522931,Clear,Traffic Jam,0,Accident
2024-12-12 11:00:00,Vehicle_9,75,38.32873111381916,-92.324806195534,Heavy,Breakdown,0,Normal
2024-12-12 11:15:00,Vehicle_10,99,35.77487928099488,-83.46324926416014,Clear,Accident,1,Congestion
2024-12-12 11:30:00,Vehicle_1,79,38.335845018321436,-117.36948865920765,Moderate,Accident,0,Congestion
2024-12-12 11:45:00,Vehicle_2,115,35.92251053065173,-102.07796888632576,Light,None,0,Normal
2024-12-12 12:00:00,Vehicle_3,22,36.27868494498015,-111.35852931386971,Light,None,0,Congestion
2024-12-12 12:15:00,Vehicle_4,101,35.86549801903871,-111.37401292618951,Light,Breakdown,0,Accident
2024-12-12 12:30:00,Vehicle_5,85,37.64955325311582,-98.23675601710165,Clear,Breakdown,0,Normal
2024-12-12 12:45:00,Vehicle_6,65,36.09731909733301,-79.10661473622625,Moderate,Police Blockade,0,Accident
2024-12-12 13:00:00,Vehicle_7,36,34.4686414041413,-83.6236477440899,Clear,Police Blockade,0,Congestion
2024-12-12 13:15:00,Vehicle_8,116,34.78768921819584,-117.98413291552802,Light,Breakdown,0,Accident
2024-12-12 13:30:00,Vehicle_9,40,35.329111391099296,-81.47862129289123,Clear,None,0,Normal
2024-12-12 13:45:00,Vehicle_10,50,38.86490296745109,-92.04512796420684,Heavy,None,0,Congestion
2024-12-12 14:00:00,Vehicle_1,63,37.885532682870306,-80.17004548180643,Heavy,None,0,Congestion
2024-12-12 14:15:00,Vehicle_2,78,35.97676044355559,-103.73112590560288,Heavy,Police Blockade,0,Accident
2024-12-12 14:30:00,Vehicle_3,99,36.66445875703513,-112.81504582936819,Heavy,Traffic Jam,0,Congestion
2024-12-12 14:45:00,Vehicle_4,41,39.07700648745004,-92.20299497083111,Heavy,Traffic Jam,0,Normal
2024-12-12 15:00:00,Vehicle_5,29,37.117962151623196,-84.11344733846167,Light,Breakdown,0,Accident
2024-12-12 15:15:00,Vehicle_6,57,37.12249841827574,-116.33760453009661,Light,Breakdown,0,Accident
2024-12-12 15:30:00,Vehicle_7,72,34.14363674391229,-93.83608853939651,Moderate,Traffic Jam,0,Normal
2024-12-12 15:45:00,Vehicle_8,96,36.518304827515884,-79.0565022184359,Heavy,Accident,0,Accident
2024-12-12 16:00:00,Vehicle_9,98,38.18241313316483,-88.6123929288666,Light,Traffic Jam,1,Accident
2024-12-12 16:15:00,Vehicle_10,31,34.474991739951115,-108.32267226443373,Light,Police Blockade,1,Normal
2024-12-12 16:30:00,Vehicle_1,92,34.69733065800668,-88.19452782962576,Light,Police Blockade,0,Accident
2024-12-12 16:45:00,Vehicle_2,53,36.57602324132303,-106.34122456811028,Light,Police Blockade,0,Normal
2024-12-12 17:00:00,Vehicle_3,69,39.91518043870043,-92.7868773185782,Light,Accident,0,Congestion
2024-12-12 17:15:00,Vehicle_4,53,36.448517320772815,-109.88659150139293,Light,Police Blockade,0,Accident
2024-12-12 17:30:00,Vehicle_5,89,38.0516537743746,-88.39284284944085,Light,Accident,0,Normal
2024-12-12 17:45:00,Vehicle_6,68,35.969369202736395,-118.06967692619364,Heavy,Police Blockade,0,Normal
2024-12-12 18:00:00,Vehicle_7,22,34.400032372215136,-85.32007576747543,Heavy,Accident,0,Normal
2024-12-12 18:15:00,Vehicle_8,66,36.37711952426386,-81.8989720581626,Light,Police Blockade,0,Congestion
2024-12-12 18:30:00,Vehicle_9,114,35.60513018294574,-113.25217723181196,Clear,Police Blockade,0,Accident
2024-12-12 18:45:00,Vehicle_10,56,38.02694163615361,-97.84452683688235,Heavy,None,0,Accident
2024-12-12 19:00:00,Vehicle_1,62,34.320201751289744,-97.25859761860428,Moderate,None,1,Accident
2024-12-12 19:15:00,Vehicle_2,80,34.12781505355811,-116.14444088915262,Light,None,0,Accident
2024-12-12 19:30:00,Vehicle_3,52,37.37624909304393,-113.14623711883925,Light,Breakdown,0,Congestion
2024-12-12 19:45:00,Vehicle_4,24,39.895009832047805,-83.9074320711091,Heavy,Traffic Jam,0,Accident
2024-12-12 20:00:00,Vehicle_5,99,36.6191995014604,-74.73548124928351,Light,Breakdown,0,Congestion
2024-12-12 20:15:00,Vehicle_6,48,38.3928810152769,-111.26537554960609,Light,Traffic Jam,0,Congestion
2024-12-12 20:30:00,Vehicle_7,72,35.09820692936563,-102.49609249828899,Heavy,Breakdown,0,Congestion
2024-12-12 20:45:00,Vehicle_8,97,34.060191604659295,-87.55700189309177,Moderate,Breakdown,0,Congestion
2024-12-12 21:00:00,Vehicle_9,65,37.85256765858136,-80.84617535293623,Clear,Accident,0,Accident
2024-12-12 21:15:00,Vehicle_10,77,39.96947527069054,-111.87226062622746,Light,Traffic Jam,0,Normal
2024-12-12 21:30:00,Vehicle_1,77,36.24453436678235,-74.16645295499711,Clear,Police Blockade,0,Accident
2024-12-12 21:45:00,Vehicle_2,56,36.255018329875604,-101.1910758461971,Heavy,None,0,Accident
2024-12-12 22:00:00,Vehicle_3,76,35.710692612326596,-101.7543622396618,Heavy,Traffic Jam,1,Accident
2024-12-12 22:15:00,Vehicle_4,101,39.73240281757734,-90.21377777388739,Heavy,Accident,0,Congestion
2024-12-12 22:30:00,Vehicle_5,110,35.463561637149915,-99.2365014042503,Clear,Accident,1,Normal
2024-12-12 22:45:00,Vehicle_6,89,34.093256769455984,-94.76261161622077,Light,Breakdown,0,Normal
2024-12-12 23:00:00,Vehicle_7,73,36.608269610671314,-92.70846513579565,Heavy,Traffic Jam,0,Congestion
2024-12-12 23:15:00,Vehicle_8,93,38.53070978479412,-106.73274697041418,Heavy,None,0,Normal
2024-12-12 23:30:00,Vehicle_9,87,34.05170908026398,-117.51300323300325,Light,Traffic Jam,0,Normal
2024-12-12 23:45:00,Vehicle_10,112,35.91136857829771,-116.10355614879289,Clear,Breakdown,0,Accident
2024-12-13 00:00:00,Vehicle_1,115,36.363464844594105,-100.62192667719174,Clear,None,0,Accident
2024-12-13 00:15:00,Vehicle_2,112,37.23139477437239,-116.11810766578796,Heavy,Accident,0,Accident
2024-12-13 00:30:00,Vehicle_3,89,35.534381985500914,-88.55308364987417,Heavy,None,1,Congestion
2024-12-13 00:45:00,Vehicle_4,34,38.699725353294745,-91.1149206438489,Heavy,Accident,0,Congestion
2024-12-13 01:00:00,Vehicle_5,54,38.29551507519939,-86.85548937737748,Clear,Traffic Jam,0,Congestion
2024-12-13 01:15:00,Vehicle_6,65,38.31701972838786,-108.53635949804895,Clear,None,0,Normal
2024-12-13 01:30:00,Vehicle_7,89,36.389183260819976,-85.28156350102512,Heavy,Police Blockade,0,Congestion
2024-12-13 01:45:00,Vehicle_8,24,36.43957043098418,-103.72256447126269,Heavy,Accident,0,Congestion
2024-12-13 02:00:00,Vehicle_9,77,37.33730051852796,-106.94083988368708,Light,None,0,Accident
2024-12-13 02:15:00,Vehicle_10,108,34.13257348618178,-97.18362408403797,Heavy,Breakdown,0,Congestion
2024-12-13 02:30:00,Vehicle_1,27,36.758562809715045,-83.83039570111606,Light,None,0,Accident
2024-12-13 02:45:00,Vehicle_2,119,34.48380324218656,-79.25908328204858,Heavy,Traffic Jam,0,Accident
2024-12-13 03:00:00,Vehicle_3,116,34.20841959155323,-100.33251479125009,Light,Police Blockade,0,Normal
2024-12-13 03:15:00,Vehicle_4,84,38.2714226006757,-81.46317602935528,Light,Accident,0,Accident
2024-12-13 03:30:00,Vehicle_5,112,36.640052450596095,-117.18975248987653,Clear,Police Blockade,1,Accident
2024-12-13 03:45:00,Vehicle_6,62,34.53690093849953,-105.1531824101906,Clear,Accident,0,Normal
2024-12-13 04:00:00,Vehicle_7,99,36.06146201250974,-99.77707360304333,Light,Accident,0,Accident
2024-12-13 04:15:00,Vehicle_8,114,35.43162614632779,-112.51470426651693,Light,None,1,Congestion
2024-12-13 04:30:00,Vehicle_9,26,38.54174067912913,-107.72434375660595,Heavy,Police Blockade,0,Accident
2024-12-13 04:45:00,Vehicle_10,31,38.38944645783785,-77.47819222545532,Light,Breakdown,0,Normal
2024-12-13 05:00:00,Vehicle_1,26,37.35592727749798,-85.02633669042194,Heavy,Traffic Jam,0,Normal
2024-12-13 05:15:00,Vehicle_2,43,38.09504648541121,-110.24905498198538,Heavy,Traffic Jam,1,Normal
2024-12-13 05:30:00,Vehicle_3,22,37.983869199679944,-104.18681831099549,Light,Accident,0,Normal
2024-12-13 05:45:00,Vehicle_4,111,37.89008441320773,-99.89419654498684,Heavy,Accident,0,Normal
2024-12-13 06:00:00,Vehicle_5,114,37.19734290558023,-82.63327294339412,Clear,None,0,Normal
2024-12-13 06:15:00,Vehicle_6,33,36.93683398956979,-89.70071751635247,Clear,Traffic Jam,0,Normal
2024-12-13 06:30:00,Vehicle_7,118,37.47942600231497,-78.38899293254413,Heavy,Breakdown,0,Normal
2024-12-13 06:45:00,Vehicle_8,96,37.57920449852972,-116.93838688347479,Clear,Breakdown,0,Congestion
2024-12-13 07:00:00,Vehicle_9,89,35.72086938573829,-99.6521696800556,Heavy,None,0,Accident
2024-12-13 07:15:00,Vehicle_10,27,39.30081228069322,-101.05498118319034,Moderate,Traffic Jam,1,Normal
2024-12-13 07:30:00,Vehicle_1,75,35.44944824648381,-99.83501616923776,Heavy,Traffic Jam,0,Accident
2024-12-13 07:45:00,Vehicle_2,116,35.68090408064466,-110.49312325397378,Moderate,Traffic Jam,0,Normal
2024-12-13 08:00:00,Vehicle_3,101,37.38337813824458,-94.24149869829941,Light,Breakdown,0,Congestion
2024-12-13 08:15:00,Vehicle_4,103,37.00509551289676,-99.6318446053641,Clear,Traffic Jam,0,Congestion
2024-12-13 08:30:00,Vehicle_5,119,38.99837790483009,-117.10147020254225,Moderate,None,0,Congestion
2024-12-13 08:45:00,Vehicle_6,98,34.30908725889521,-92.04468113117349,Clear,Accident,0,Congestion
2024-12-13 09:00:00,Vehicle_7,51,34.58476745434733,-76.58138368301267,Moderate,Police Blockade,0,Normal
2024-12-13 09:15:00,Vehicle_8,58,38.58740334797536,-107.83000536210135,Heavy,Traffic Jam,0,Congestion
2024-12-13 09:30:00,Vehicle_9,80,37.358855650629856,-112.42606093157534,Heavy,None,0,Congestion
2024-12-13 09:45:00,Vehicle_10,102,37.42385052651957,-74.04620016082959,Clear,Police Blockade,0,Accident
2024-12-13 10:00:00,Vehicle_1,51,39.29013688215154,-93.49130810574799,Light,Traffic Jam,1,Accident
2024-12-13 10:15:00,Vehicle_2,34,37.23029825626584,-93.84297719915898,Moderate,Breakdown,0,Accident
2024-12-13 10:30:00,Vehicle_3,116,38.976277401507296,-74.90812425761084,Moderate,Accident,0,Normal
2024-12-13 10:45:00,Vehicle_4,103,39.798191620575274,-91.06579601258235,Clear,Traffic Jam,0,Congestion
2024-12-13 11:00:00,Vehicle_5,34,38.680090876164606,-76.90450653518687,Clear,None,1,Normal
2024-12-13 11:15:00,Vehicle_6,120,36.14026282283605,-101.68869528007025,Light,Traffic Jam,0,Congestion
2024-12-13 11:30:00,Vehicle_7,105,34.91772840141456,-102.87337726801579,Clear,Police Blockade,0,Accident
2024-12-13 11:45:00,Vehicle_8,26,36.74890584702343,-74.84008980797036,Clear,Breakdown,0,Congestion
2024-12-13 12:00:00,Vehicle_9,44,38.260645008837464,-93.24159002690564,Moderate,Accident,0,Normal
2024-12-13 12:15:00,Vehicle_10,46,35.57060490386641,-115.01297464261827,Clear,Police Blockade,0,Accident
2024-12-13 12:30:00,Vehicle_1,77,34.07442619503311,-83.0825597976514,Moderate,None,0,Congestion
2024-12-13 12:45:00,Vehicle_2,69,36.126116639035175,-75.96956968853817,Moderate,Police Blockade,0,Accident
2024-12-13 13:00:00,Vehicle_3,35,36.24627780449402,-81.24134553392278,Moderate,Accident,0,Normal
2024-12-13 13:15:00,Vehicle_4,57,39.55683059206052,-93.1760412632369,Light,None,0,Congestion
2024-12-13 13:30:00,Vehicle_5,102,39.11045662257901,-81.68259850676091,Clear,Accident,0,Accident
2024-12-13 13:45:00,Vehicle_6,105,37.2248963639684,-80.70750248449008,Heavy,Accident,0,Normal
2024-12-13 14:00:00,Vehicle_7,82,38.30881286710468,-116.19773518375273,Clear,None,0,Congestion
2024-12-13 14:15:00,Vehicle_8,117,35.58701678763046,-77.72961302052698,Moderate,Accident,0,Normal
2024-12-13 14:30:00,Vehicle_9,110,38.153311474219166,-109.20601048695194,Clear,Traffic Jam,1,Congestion
2024-12-13 14:45:00,Vehicle_10,81,38.91328453616664,-114.46446288634229,Moderate,None,0,Accident
2024-12-13 15:00:00,Vehicle_1,120,36.23708391422569,-106.92549148501196,Moderate,Breakdown,1,Normal
2024-12-13 15:15:00,Vehicle_2,51,39.89466653471062,-80.18788584040036,Light,Breakdown,0,Normal
2024-12-13 15:30:00,Vehicle_3,31,35.863526276974184,-78.01800056705451,Clear,Accident,0,Normal
2024-12-13 15:45:00,Vehicle_4,37,37.94185811320564,-92.05932520029243,Heavy,Accident,1,Congestion
2024-12-13 16:00:00,Vehicle_5,92,36.784394662084864,-76.12043351710219,Heavy,Accident,0,Accident
2024-12-13 16:15:00,Vehicle_6,92,39.293586982919734,-117.29008810078184,Light,Traffic Jam,0,Normal
2024-12-13 16:30:00,Vehicle_7,74,38.59363951155456,-109.9871442278806,Moderate,Breakdown,0,Accident
2024-12-13 16:45:00,Vehicle_8,106,35.224196751366534,-109.49328740044153,Clear,Accident,0,Normal
2024-12-13 17:00:00,Vehicle_9,118,36.919549435796135,-112.68886283269738,Moderate,Breakdown,0,Normal
2024-12-13 17:15:00,Vehicle_10,68,39.92729606965351,-78.89973633943256,Light,Accident,0,Normal
2024-12-13 17:30:00,Vehicle_1,26,34.420656480772564,-115.37010420306812,Heavy,Traffic Jam,0,Congestion
2024-12-13 17:45:00,Vehicle_2,23,38.93253372527565,-112.37991263773361,Clear,Accident,0,Congestion
2024-12-13 18:00:00,Vehicle_3,53,37.5385958509026,-103.30761546088839,Moderate,Police Blockade,0,Accident
2024-12-13 18:15:00,Vehicle_4,24,35.660314801509,-97.47940624394295,Clear,Breakdown,0,Accident
2024-12-13 18:30:00,Vehicle_5,79,39.24103930805858,-80.02857103976834,Moderate,None,0,Accident
2024-12-13 18:45:00,Vehicle_6,118,39.75659913767944,-84.46098525171587,Heavy,Accident,0,Accident
2024-12-13 19:00:00,Vehicle_7,40,37.09218868756964,-104.95408660021576,Light,Accident,0,Normal
2024-12-13 19:15:00,Vehicle_8,52,39.736794327807665,-103.55500654703233,Light,Accident,0,Congestion
2024-12-13 19:30:00,Vehicle_9,99,35.22563137265302,-116.33330497832792,Light,Breakdown,0,Normal
2024-12-13 19:45:00,Vehicle_10,79,34.46818283256337,-85.0994465682376,Moderate,Accident,0,Normal
2024-12-13 20:00:00,Vehicle_1,75,39.30154438467911,-83.07524368806459,Clear,Traffic Jam,1,Congestion
2024-12-13 20:15:00,Vehicle_2,81,35.220436410076026,-88.98921688105568,Clear,Accident,0,Normal
2024-12-13 20:30:00,Vehicle_3,26,36.68016717088686,-74.5513187252688,Light,Accident,0,Normal
2024-12-13 20:45:00,Vehicle_4,31,34.37485029676324,-90.68462933195002,Moderate,Breakdown,0,Congestion
2024-12-13 21:00:00,Vehicle_5,84,36.60521664138854,-83.46416169741823,Clear,Breakdown,0,Accident
2024-12-13 21:15:00,Vehicle_6,93,35.199837317714746,-93.8774702799445,Clear,Traffic Jam,0,Normal
2024-12-13 21:30:00,Vehicle_7,48,34.63826471483822,-75.26705150753823,Heavy,Police Blockade,0,Accident
2024-12-13 21:45:00,Vehicle_8,56,37.04798297674989,-102.05691166386842,Light,Accident,1,Congestion
2024-12-13 22:00:00,Vehicle_9,47,35.07241850142725,-98.089787726033,Heavy,None,0,Accident
2024-12-13 22:15:00,Vehicle_10,42,35.860133274797604,-92.16908318972352,Light,Breakdown,1,Congestion
2024-12-13 22:30:00,Vehicle_1,45,36.7215255951473,-110.67356622863115,Heavy,None,0,Accident
2024-12-13 22:45:00,Vehicle_2,20,39.606190217400574,-117.48865575570558,Light,Breakdown,1,Congestion
2024-12-13 23:00:00,Vehicle_3,101,34.24932976649749,-75.09415138508353,Moderate,Accident,1,Congestion
2024-12-13 23:15:00,Vehicle_4,78,39.88907999962467,-101.33610756398969,Clear,None,1,Accident
2024-12-13 23:30:00,Vehicle_5,32,38.79682634885338,-88.94986256489807,Heavy,Accident,0,Normal
2024-12-13 23:45:00,Vehicle_6,23,37.065616334508455,-90.57480244735362,Moderate,Police Blockade,0,Normal
2024-12-14 00:00:00,Vehicle_7,62,37.23687670394917,-83.76641517830083,Heavy,Breakdown,0,Congestion
2024-12-14 00:15:00,Vehicle_8,59,35.9771429197504,-105.15933098182816,Heavy,Police Blockade,0,Normal
2024-12-14 00:30:00,Vehicle_9,77,36.55411684470742,-92.71820473579037,Heavy,Accident,0,Accident
2024-12-14 00:45:00,Vehicle_10,101,34.92360929138806,-106.09367048369903,Light,Police Blockade,0,Congestion
2024-12-14 01:00:00,Vehicle_1,120,35.46216134566073,-103.39543564342311,Light,Traffic Jam,0,Accident
2024-12-14 01:15:00,Vehicle_2,90,37.2905283778157,-100.00744849314678,Moderate,None,0,Accident
2024-12-14 01:30:00,Vehicle_3,33,35.436682629761314,-74.58457541800765,Heavy,Police Blockade,0,Accident
2024-12-14 01:45:00,Vehicle_4,39,39.56769729980127,-117.87668937981891,Light,Traffic Jam,0,Accident
2024-12-14 02:00:00,Vehicle_5,29,34.14938830295261,-115.5094681813699,Moderate,Traffic Jam,0,Normal
2024-12-14 02:15:00,Vehicle_6,79,35.80243530096213,-97.1936306271475,Light,Police Blockade,1,Normal
2024-12-14 02:30:00,Vehicle_7,77,34.380635952860715,-89.70986042097097,Heavy,Police Blockade,0,Accident
2024-12-14 02:45:00,Vehicle_8,65,36.170214092772206,-100.73968228122894,Light,Accident,0,Normal
2024-12-14 03:00:00,Vehicle_9,85,37.243386684282015,-103.82032294340502,Moderate,Traffic Jam,0,Accident
2024-12-14 03:15:00,Vehicle_10,101,38.2042584482166,-101.10756491445431,Clear,None,0,Normal
2024-12-14 03:30:00,Vehicle_1,52,37.786293428640576,-77.75243495509775,Clear,None,0,Accident
2024-12-14 03:45:00,Vehicle_2,44,39.83952605908108,-87.41194125314534,Clear,Accident,0,Congestion
2024-12-14 04:00:00,Vehicle_3,93,37.31515940143025,-107.71402464183069,Clear,Traffic Jam,0,Congestion
2024-12-14 04:15:00,Vehicle_4,110,36.293478682948546,-104.65142804757492,Light,Breakdown,1,Accident
2024-12-14 04:30:00,Vehicle_5,108,35.7961843981117,-115.69744309082215,Moderate,Traffic Jam,0,Normal
2024-12-14 04:45:00,Vehicle_6,94,39.147657174355246,-105.41153165440856,Clear,Traffic Jam,0,Congestion
2024-12-14 05:00:00,Vehicle_7,59,37.6414166280956,-109.36770205368654,Moderate,Breakdown,0,Normal
2024-12-14 05:15:00,Vehicle_8,115,35.3227043211586,-107.11410783532314,Heavy,Accident,1,Normal
2024-12-14 05:30:00,Vehicle_9,59,37.97685675311039,-102.64695615923723,Clear,None,0,Normal
2024-12-14 05:45:00,Vehicle_10,56,37.77188523575172,-77.4461639899373,Heavy,Accident,1,Accident
2024-12-14 06:00:00,Vehicle_1,64,34.98551977662302,-76.90913419493705,Clear,Police Blockade,0,Congestion
2024-12-14 06:15:00,Vehicle_2,92,38.49371692391521,-108.74429420681322,Moderate,Breakdown,0,Congestion
2024-12-14 06:30:00,Vehicle_3,33,38.381378349385464,-74.7381035428101,Light,Police Blockade,0,Normal
2024-12-14 06:45:00,Vehicle_4,43,35.03413129183662,-92.17637806572883,Heavy,Breakdown,0,Congestion
2024-12-14 07:00:00,Vehicle_5,107,34.59122931173185,-115.04049311888164,Moderate,Traffic Jam,0,Accident
2024-12-14 07:15:00,Vehicle_6,60,39.653902561214224,-88.85035256961842,Clear,Breakdown,0,Congestion
2024-12-14 07:30:00,Vehicle_7,114,39.635298526402345,-114.07960393585975,Clear,Accident,0,Accident
2024-12-14 07:45:00,Vehicle_8,35,34.89511950479953,-99.98540664663909,Clear,Traffic Jam,0,Congestion
2024-12-14 08:00:00,Vehicle_9,105,37.05541006800304,-103.41037262994705,Moderate,Traffic Jam,1,Normal
2024-12-14 08:15:00,Vehicle_10,66,39.25981740968253,-117.74765094252093,Light,Accident,1,Accident
2024-12-14 08:30:00,Vehicle_1,100,35.71701121594171,-77.52766324674894,Heavy,None,0,Normal
2024-12-14 08:45:00,Vehicle_2,30,39.36165878674545,-100.4336554875337,Heavy,None,0,Normal
2024-12-14 09:00:00,Vehicle_3,93,38.70881902712801,-93.01304967994363,Heavy,Accident,0,Accident
2024-12-14 09:15:00,Vehicle_4,108,34.14065064667234,-89.23585564822176,Heavy,None,0,Accident
2024-12-14 09:30:00,Vehicle_5,77,36.0384718215506,-112.33264990869263,Light,Accident,0,Accident
2024-12-14 09:45:00,Vehicle_6,85,37.653323290633665,-80.64594605333716,Heavy,None,0,Congestion
2024-12-14 10:00:00,Vehicle_7,120,34.19250016558151,-109.43733205187029,Heavy,Police Blockade,0,Accident
2024-12-14 10:15:00,Vehicle_8,75,37.81594469946197,-86.00588973972822,Heavy,Traffic Jam,0,Normal
2024-12-14 10:30:00,Vehicle_9,110,35.865284898077235,-103.03074283939156,Moderate,None,0,Normal
2024-12-14 10:45:00,Vehicle_10,103,37.56370107300148,-75.68733378002588,Light,None,0,Accident
2024-12-14 11:00:00,Vehicle_1,103,35.47867813486701,-90.92335276949746,Light,Traffic Jam,0,Congestion
2024-12-14 11:15:00,Vehicle_2,20,35.14813734157593,-114.52988480943597,Light,Traffic Jam,0,Congestion
2024-12-14 11:30:00,Vehicle_3,109,36.1116069212607,-114.48764723584516,Heavy,Police Blockade,0,Normal
2024-12-14 11:45:00,Vehicle_4,114,39.654423541121105,-78.14976758016384,Moderate,Accident,1,Normal
2024-12-14 12:00:00,Vehicle_5,29,36.69086731300455,-88.86782537179053,Light,Traffic Jam,0,Accident
2024-12-14 12:15:00,Vehicle_6,21,34.88407168437195,-98.47978050032332,Moderate,Police Blockade,0,Normal
2024-12-14 12:30:00,Vehicle_7,21,37.055879898188735,-74.31546583915377,Heavy,Accident,0,Accident
2024-12-14 12:45:00,Vehicle_8,29,35.133652820646375,-113.53041971313176,Clear,Accident,0,Accident
2024-12-14 13:00:00,Vehicle_9,45,37.7627508838455,-117.91410309513728,Heavy,Breakdown,1,Accident
2024-12-14 13:15:00,Vehicle_10,85,38.74904057359011,-93.41608507073488,Moderate,None,0,Accident
2024-12-14 13:30:00,Vehicle_1,24,35.84325235237803,-89.24853615779872,Moderate,Police Blockade,0,Congestion
2024-12-14 13:45:00,Vehicle_2,33,39.74630128647785,-81.36206783903523,Light,Accident,1,Accident
2024-12-14 14:00:00,Vehicle_3,78,39.555548822435426,-91.5754529792069,Moderate,Traffic Jam,1,Normal
2024-12-14 14:15:00,Vehicle_4,70,34.760572647423814,-98.54471361617338,Light,Police Blockade,0,Normal
2024-12-14 14:30:00,Vehicle_5,93,35.127194639443886,-116.96814152781005,Moderate,None,0,Congestion
2024-12-14 14:45:00,Vehicle_6,76,35.89840313718574,-117.85395292181012,Light,Traffic Jam,0,Accident
2024-12-14 15:00:00,Vehicle_7,88,34.07180188241171,-101.72237708859522,Light,Police Blockade,0,Accident
2024-12-14 15:15:00,Vehicle_8,47,34.08945188560273,-86.30095580319164,Moderate,Accident,0,Congestion
2024-12-14 15:30:00,Vehicle_9,89,35.79210306696679,-111.81005741867627,Light,Breakdown,0,Congestion
2024-12-14 15:45:00,Vehicle_10,73,36.3955640774195,-111.7686389289909,Heavy,None,0,Accident
2024-12-14 16:00:00,Vehicle_1,88,37.71446436174875,-93.20753381227425,Heavy,Accident,0,Accident
2024-12-14 16:15:00,Vehicle_2,57,37.68035741130865,-108.78077112979177,Heavy,Accident,0,Normal
2024-12-14 16:30:00,Vehicle_3,23,38.606116904958455,-78.80286940319175,Clear,Accident,0,Normal
2024-12-14 16:45:00,Vehicle_4,68,34.09231800107006,-117.94929041967397,Heavy,Breakdown,0,Accident
2024-12-14 17:00:00,Vehicle_5,33,38.164735954628945,-96.85846637627597,Clear,Accident,0,Congestion
2024-12-14 17:15:00,Vehicle_6,99,36.46099851675946,-88.25306742472699,Light,Traffic Jam,0,Normal
2024-12-14 17:30:00,Vehicle_7,68,34.4634137955973,-81.05984932504748,Clear,Police Blockade,0,Normal
2024-12-14 17:45:00,Vehicle_8,112,35.01869109916513,-95.90263172486556,Light,Police Blockade,1,Normal
2024-12-14 18:00:00,Vehicle_9,111,37.393552759387795,-101.22169883495582,Heavy,Traffic Jam,0,Congestion
2024-12-14 18:15:00,Vehicle_10,103,39.58287825085082,-96.9035420897316,Moderate,Traffic Jam,0,Normal
2024-12-14 18:30:00,Vehicle_1,116,38.55251331437249,-85.27428426581668,Heavy,Accident,0,Congestion
2024-12-14 18:45:00,Vehicle_2,66,39.56846421248999,-113.95403431580573,Moderate,Traffic Jam,0,Congestion
2024-12-14 19:00:00,Vehicle_3,110,34.37204872214522,-84.35512131799297,Moderate,Breakdown,0,Normal
2024-12-14 19:15:00,Vehicle_4,50,38.65855301257171,-103.96886668015065,Heavy,Traffic Jam,0,Normal
2024-12-14 19:30:00,Vehicle_5,82,39.053345757625046,-77.50610439710246,Light,Traffic Jam,0,Congestion
2024-12-14 19:45:00,Vehicle_6,60,38.27479217692058,-93.9062302526107,Heavy,Breakdown,0,Accident
2024-12-14 20:00:00,Vehicle_7,113,34.100844484594035,-87.61827379616005,Heavy,Police Blockade,0,Congestion
2024-12-14 20:15:00,Vehicle_8,82,36.894352697710154,-76.81319556894132,Clear,None,0,Normal
2024-12-14 20:30:00,Vehicle_9,35,34.452078519410016,-97.17308549016536,Moderate,Traffic Jam,0,Normal
2024-12-14 20:45:00,Vehicle_10,111,39.91841940585168,-89.7426061580083,Clear,None,0,Normal
2024-12-14 21:00:00,Vehicle_1,63,34.979166066486215,-95.45634459613821,Heavy,Traffic Jam,1,Accident
2024-12-14 21:15:00,Vehicle_2,100,39.444638502770815,-99.79513116311266,Heavy,Police Blockade,0,Accident
2024-12-14 21:30:00,Vehicle_3,94,34.89305890103376,-112.55601911235827,Moderate,Breakdown,0,Normal
2024-12-14 21:45:00,Vehicle_4,37,34.656248285561176,-101.99691850124032,Light,Police Blockade,0,Normal
2024-12-14 22:00:00,Vehicle_5,120,34.55347716323727,-76.64818945441397,Moderate,Police Blockade,0,Congestion
2024-12-14 22:15:00,Vehicle_6,35,39.92907455334674,-90.34006569465815,Light,None,0,Normal
2024-12-14 22:30:00,Vehicle_7,89,36.59950063823416,-83.12549019452517,Light,Police Blockade,0,Congestion
2024-12-14 22:45:00,Vehicle_8,66,37.939138794561735,-117.78164560883837,Moderate,None,0,Accident
2024-12-14 23:00:00,Vehicle_9,33,37.21650771760676,-93.07357891494787,Light,None,0,Congestion
2024-12-14 23:15:00,Vehicle_10,78,34.69498879489294,-103.00715571960697,Clear,Traffic Jam,0,Normal
2024-12-14 23:30:00,Vehicle_1,120,37.76967155919497,-80.24543917407706,Heavy,None,0,Congestion
2024-12-14 23:45:00,Vehicle_2,74,36.14815594373588,-105.04072955940772,Heavy,Police Blockade,0,Normal
2024-12-15 00:00:00,Vehicle_3,20,34.559580390355855,-117.25155472078767,Light,Police Blockade,0,Normal
2024-12-15 00:15:00,Vehicle_4,47,35.52944889743204,-88.33936431585255,Clear,Accident,0,Congestion
2024-12-15 00:30:00,Vehicle_5,49,35.93575004935539,-102.57155342155244,Light,None,0,Accident
2024-12-15 00:45:00,Vehicle_6,25,36.31639913944537,-107.80569538866538,Light,Accident,1,Accident
2024-12-15 01:00:00,Vehicle_7,61,39.77218290928402,-112.15508849213408,Light,Breakdown,0,Congestion
2024-12-15 01:15:00,Vehicle_8,62,37.56415064159987,-118.45621096276118,Moderate,None,0,Normal
2024-12-15 01:30:00,Vehicle_9,111,38.013222755092215,-99.83798018536055,Moderate,None,1,Accident
2024-12-15 01:45:00,Vehicle_10,87,39.93073391893485,-112.67743630268839,Clear,Breakdown,1,Accident
2024-12-15 02:00:00,Vehicle_1,113,36.319873717990056,-113.68290227182973,Light,None,0,Normal
2024-12-15 02:15:00,Vehicle_2,57,34.381832728458804,-95.09179605130741,Moderate,None,1,Accident
2024-12-15 02:30:00,Vehicle_3,99,39.63904182156797,-106.6732940012285,Clear,Accident,0,Accident
2024-12-15 02:45:00,Vehicle_4,68,37.5437448664614,-97.80716585573535,Light,None,0,Accident
2024-12-15 03:00:00,Vehicle_5,64,36.320293667230395,-75.53020227206403,Clear,Police Blockade,0,Congestion
2024-12-15 03:15:00,Vehicle_6,28,36.651139989682505,-75.2280935351043,Clear,Accident,0,Accident
2024-12-15 03:30:00,Vehicle_7,64,35.7241714420027,-108.89677180456133,Clear,None,0,Accident
2024-12-15 03:45:00,Vehicle_8,47,35.802503119940546,-110.9338668911291,Moderate,Police Blockade,0,Congestion
2024-12-15 04:00:00,Vehicle_9,90,38.314060587761425,-88.1942756893412,Moderate,Breakdown,1,Congestion
2024-12-15 04:15:00,Vehicle_10,48,35.529460882797245,-89.81619842213253,Heavy,Traffic Jam,0,Accident
2024-12-15 04:30:00,Vehicle_1,20,39.92787002391394,-108.78145130277866,Heavy,Police Blockade,1,Normal
2024-12-15 04:45:00,Vehicle_2,85,34.88206140563009,-78.64167029221446,Heavy,Breakdown,0,Congestion
2024-12-15 05:00:00,Vehicle_3,100,34.56201929671104,-79.87468182008459,Heavy,None,0,Accident
2024-12-15 05:15:00,Vehicle_4,120,38.49542997627289,-91.02423224727966,Heavy,Breakdown,0,Congestion
2024-12-15 05:30:00,Vehicle_5,80,39.76966982657174,-74.00918073125406,Clear,Accident,0,Accident
2024-12-15 05:45:00,Vehicle_6,42,35.03492130764285,-89.60894725016328,Light,Accident,0,Accident
2024-12-15 06:00:00,Vehicle_7,41,36.61372889987005,-90.53063486845352,Light,Traffic Jam,0,Congestion
2024-12-15 06:15:00,Vehicle_8,42,36.9903655999336,-99.98410955791775,Clear,None,0,Congestion
2024-12-15 06:30:00,Vehicle_9,120,37.92623058456178,-94.82625315539444,Heavy,None,0,Congestion
2024-12-15 06:45:00,Vehicle_10,64,38.46186917237728,-80.01672427359541,Light,Traffic Jam,1,Normal
2024-12-15 07:00:00,Vehicle_1,24,34.12996750115956,-103.93565464352042,Light,Accident,0,Accident
2024-12-15 07:15:00,Vehicle_2,65,35.820777651690456,-81.38417206333631,Light,Accident,0,Congestion
2024-12-15 07:30:00,Vehicle_3,99,38.22761735325533,-100.54616507504602,Heavy,Traffic Jam,1,Normal
2024-12-15 07:45:00,Vehicle_4,22,38.056101706662304,-103.03208545922153,Moderate,None,0,Congestion
2024-12-15 08:00:00,Vehicle_5,54,39.70812756152311,-117.64460634116564,Heavy,Breakdown,0,Congestion
2024-12-15 08:15:00,Vehicle_6,116,39.11567715724622,-79.35954395795005,Light,Breakdown,0,Normal
2024-12-15 08:30:00,Vehicle_7,99,39.25322367517891,-111.69259514731124,Heavy,Traffic Jam,0,Congestion
2024-12-15 08:45:00,Vehicle_8,75,38.09397864570007,-82.75407551953556,Clear,Accident,0,Congestion
2024-12-15 09:00:00,Vehicle_9,61,39.921454706625084,-75.45850836943166,Heavy,Breakdown,0,Congestion
2024-12-15 09:15:00,Vehicle_10,104,36.74499096052768,-89.77690180988932,Light,None,0,Accident
2024-12-15 09:30:00,Vehicle_1,112,37.9626215629207,-108.72357170580457,Light,Breakdown,0,Normal
2024-12-15 09:45:00,Vehicle_2,58,37.748601442039785,-86.43705271932456,Light,Breakdown,1,Normal
2024-12-15 10:00:00,Vehicle_3,61,38.3774829100154,-113.98053540538766,Light,Police Blockade,0,Normal
2024-12-15 10:15:00,Vehicle_4,115,34.444987761368644,-117.84241915425228,Moderate,None,0,Accident
2024-12-15 10:30:00,Vehicle_5,44,35.652914805647725,-75.22047917426211,Moderate,Traffic Jam,0,Accident
2024-12-15 10:45:00,Vehicle_6,36,38.6421624449034,-86.49175717173793,Clear,None,0,Congestion
2024-12-15 11:00:00,Vehicle_7,60,39.46892677962784,-112.25319495315374,Clear,Traffic Jam,0,Congestion
2024-12-15 11:15:00,Vehicle_8,105,37.942301543318784,-105.09687870865645,Light,Police Blockade,0,Normal
2024-12-15 11:30:00,Vehicle_9,41,35.07997829957515,-89.21868915874144,Light,None,0,Congestion
2024-12-15 11:45:00,Vehicle_10,27,38.98338423840937,-91.16968920355154,Heavy,Police Blockade,0,Accident
2024-12-15 12:00:00,Vehicle_1,71,35.354555249440686,-113.21209330231571,Heavy,Police Blockade,0,Accident
2024-12-15 12:15:00,Vehicle_2,25,37.129693403308565,-111.85506117214273,Heavy,None,1,Accident
2024-12-15 12:30:00,Vehicle_3,21,36.4898437798754,-92.45818007819732,Heavy,Police Blockade,0,Normal
2024-12-15 12:45:00,Vehicle_4,82,35.55002381483143,-96.10021897319295,Clear,Traffic Jam,0,Congestion
2024-12-15 13:00:00,Vehicle_5,29,37.050439214450115,-108.25270200292032,Light,None,0,Congestion
2024-12-15 13:15:00,Vehicle_6,93,35.40283486596954,-104.26614191537139,Moderate,None,0,Accident
2024-12-15 13:30:00,Vehicle_7,118,38.08660474452882,-109.75734992069368,Clear,Breakdown,0,Congestion
2024-12-15 13:45:00,Vehicle_8,38,36.44396364382431,-75.0701051565981,Moderate,None,0,Normal
2024-12-15 14:00:00,Vehicle_9,33,39.73028988114574,-109.69539500317333,Heavy,None,0,Congestion
2024-12-15 14:15:00,Vehicle_10,106,39.59374233773519,-82.86976764319229,Heavy,None,0,Congestion
2024-12-15 14:30:00,Vehicle_1,115,37.69283848328277,-108.76226720031795,Clear,None,0,Normal
2024-12-15 14:45:00,Vehicle_2,30,35.17316673879699,-79.98558260355446,Light,Accident,0,Accident
2024-12-15 15:00:00,Vehicle_3,29,34.62367743489134,-118.02261921497389,Heavy,Accident,0,Normal
2024-12-15 15:15:00,Vehicle_4,114,34.093095502144365,-102.43009019162645,Heavy,Police Blockade,0,Accident
2024-12-15 15:30:00,Vehicle_5,65,34.80952978336084,-94.76231918129864,Heavy,Breakdown,0,Congestion
2024-12-15 15:45:00,Vehicle_6,20,38.83048742804795,-94.61905414682023,Heavy,Police Blockade,0,Accident
2024-12-15 16:00:00,Vehicle_7,100,39.75634546286308,-102.36476462741838,Moderate,Breakdown,0,Accident
2024-12-15 16:15:00,Vehicle_8,100,37.94714865417027,-94.09159318698278,Clear,Traffic Jam,0,Normal
2024-12-15 16:30:00,Vehicle_9,34,34.17735880783325,-109.53229829519384,Heavy,Breakdown,0,Accident
2024-12-15 16:45:00,Vehicle_10,63,35.585179579293914,-85.93350322660085,Heavy,Breakdown,0,Congestion
2024-12-15 17:00:00,Vehicle_1,83,37.75133285988293,-73.73829547142815,Moderate,Traffic Jam,0,Normal
2024-12-15 17:15:00,Vehicle_2,54,38.09828754127462,-106.3293047156991,Light,Accident,0,Normal
2024-12-15 17:30:00,Vehicle_3,103,34.480345101994665,-94.44026355303646,Light,Breakdown,0,Normal
2024-12-15 17:45:00,Vehicle_4,48,36.82168156927651,-108.6213705035255,Heavy,None,0,Accident
2024-12-15 18:00:00,Vehicle_5,74,34.492769559949124,-93.81835160335791,Heavy,Traffic Jam,1,Accident
2024-12-15 18:15:00,Vehicle_6,21,35.16973210773104,-83.23429812968885,Clear,Traffic Jam,0,Normal
2024-12-15 18:30:00,Vehicle_7,97,39.22557714193026,-97.25306662482762,Light,Police Blockade,1,Congestion
2024-12-15 18:45:00,Vehicle_8,94,38.58743088025809,-92.62320872674569,Heavy,Traffic Jam,1,Accident
2024-12-15 19:00:00,Vehicle_9,73,37.80200953363585,-74.83090547984764,Moderate,Traffic Jam,0,Normal
2024-12-15 19:15:00,Vehicle_10,94,36.10047037460893,-93.76710481696028,Heavy,Traffic Jam,1,Congestion
2024-12-15 19:30:00,Vehicle_1,68,35.61766442831658,-74.38951539665834,Light,Police Blockade,0,Normal
2024-12-15 19:45:00,Vehicle_2,101,35.48359019716949,-110.49778897604965,Light,Accident,1,Normal
2024-12-15 20:00:00,Vehicle_3,119,39.137726473620305,-77.5037826180245,Light,Accident,0,Normal
2024-12-15 20:15:00,Vehicle_4,23,34.30375912707429,-111.57761992689294,Clear,Police Blockade,0,Accident
2024-12-15 20:30:00,Vehicle_5,33,34.03733466295197,-111.20025726203312,Light,None,0,Accident
2024-12-15 20:45:00,Vehicle_6,26,35.183336200722664,-107.80118747534716,Heavy,Traffic Jam,0,Normal
2024-12-15 21:00:00,Vehicle_7,119,38.83121907624916,-114.52614177293101,Light,None,0,Accident
2024-12-15 21:15:00,Vehicle_8,65,37.714040817982834,-117.22363247044994,Light,Accident,0,Normal
2024-12-15 21:30:00,Vehicle_9,106,39.14243895837208,-78.90973339062927,Clear,Breakdown,1,Normal
2024-12-15 21:45:00,Vehicle_10,34,36.908696772868964,-105.36791843031556,Heavy,Traffic Jam,0,Accident
2024-12-15 22:00:00,Vehicle_1,87,38.16993728307911,-100.99412506508423,Clear,Traffic Jam,0,Accident
2024-12-15 22:15:00,Vehicle_2,88,36.89525846094041,-85.69454473478483,Light,None,1,Accident
2024-12-15 22:30:00,Vehicle_3,107,34.38340841261724,-83.62641391022171,Clear,None,0,Congestion
2024-12-15 22:45:00,Vehicle_4,119,38.589862096289664,-105.71614073028461,Heavy,Breakdown,1,Normal
2024-12-15 23:00:00,Vehicle_5,101,34.393108019986336,-84.34897801583236,Light,Breakdown,0,Congestion
2024-12-15 23:15:00,Vehicle_6,102,35.22226803800806,-110.53429673574114,Clear,Accident,1,Congestion
2024-12-15 23:30:00,Vehicle_7,37,36.85349621472937,-97.30100988444599,Clear,Traffic Jam,1,Accident
2024-12-15 23:45:00,Vehicle_8,21,38.849594015188714,-115.309089062645,Moderate,Traffic Jam,0,Normal
2024-12-16 00:00:00,Vehicle_9,93,35.79455772933361,-87.24940662948255,Heavy,None,0,Congestion
2024-12-16 00:15:00,Vehicle_10,102,37.35874173123108,-88.4615484891743,Moderate,Traffic Jam,1,Congestion
2024-12-16 00:30:00,Vehicle_1,92,35.67977964951591,-90.55379256567798,Clear,Traffic Jam,0,Accident
2024-12-16 00:45:00,Vehicle_2,24,37.74016301016149,-84.44487079769496,Heavy,Accident,1,Congestion
2024-12-16 01:00:00,Vehicle_3,38,37.920955178388525,-76.61897527103245,Clear,Traffic Jam,0,Normal
2024-12-16 01:15:00,Vehicle_4,80,37.57378413011948,-96.37274352513097,Light,Traffic Jam,0,Congestion
2024-12-16 01:30:00,Vehicle_5,46,35.82201182248317,-114.39579157163969,Clear,None,0,Accident
2024-12-16 01:45:00,Vehicle_6,65,38.739634906580065,-113.33441012534931,Light,Police Blockade,0,Normal
2024-12-16 02:00:00,Vehicle_7,54,39.47677950609178,-75.12166629850883,Light,Police Blockade,0,Normal
2024-12-16 02:15:00,Vehicle_8,112,38.24703319349163,-96.87148310636755,Clear,None,0,Congestion
2024-12-16 02:30:00,Vehicle_9,33,35.654856210925125,-109.79968238857481,Moderate,Breakdown,0,Accident
2024-12-16 02:45:00,Vehicle_10,92,35.097608607485185,-81.66897748520117,Moderate,None,0,Normal
2024-12-16 03:00:00,Vehicle_1,96,39.87078494824524,-76.38287348879922,Heavy,Breakdown,0,Congestion
2024-12-16 03:15:00,Vehicle_2,60,38.70736497737512,-118.08049745220207,Clear,None,0,Accident
2024-12-16 03:30:00,Vehicle_3,28,37.706197931355916,-79.20485352170257,Clear,Breakdown,0,Accident
2024-12-16 03:45:00,Vehicle_4,22,34.25984348624649,-94.68311396905706,Clear,None,0,Normal
2024-12-16 04:00:00,Vehicle_5,96,38.48987944414444,-91.59109862523326,Heavy,Police Blockade,0,Congestion
2024-12-16 04:15:00,Vehicle_6,50,35.63348072730296,-85.80903486080022,Moderate,Traffic Jam,0,Accident
2024-12-16 04:30:00,Vehicle_7,110,39.1235691911853,-82.9601736258634,Moderate,None,0,Normal
2024-12-16 04:45:00,Vehicle_8,72,37.395578239656,-106.7760272322568,Light,Traffic Jam,0,Accident
2024-12-16 05:00:00,Vehicle_9,28,38.25353733738701,-104.59262892326498,Light,Breakdown,0,Congestion
2024-12-16 05:15:00,Vehicle_10,22,35.60298021045847,-83.56544179718252,Light,Accident,0,Normal
2024-12-16 05:30:00,Vehicle_1,53,34.67148918026218,-77.26083465550649,Light,None,0,Congestion
2024-12-16 05:45:00,Vehicle_2,90,36.17542725485709,-108.22313652686283,Clear,Accident,0,Normal
2024-12-16 06:00:00,Vehicle_3,114,39.99239668173634,-74.74051506924846,Light,Police Blockade,0,Normal
2024-12-16 06:15:00,Vehicle_4,90,34.514321333656675,-94.15269638688375,Light,None,1,Accident
2024-12-16 06:30:00,Vehicle_5,47,36.15408109085321,-105.48514112793228,Clear,Police Blockade,0,Congestion
2024-12-16 06:45:00,Vehicle_6,30,34.75983475403194,-82.4627492504934,Moderate,Traffic Jam,0,Congestion
2024-12-16 07:00:00,Vehicle_7,21,37.52676470860574,-83.82744746018021,Moderate,Traffic Jam,0,Accident
2024-12-16 07:15:00,Vehicle_8,71,38.15073793339779,-99.66977376309359,Moderate,Accident,0,Normal
2024-12-16 07:30:00,Vehicle_9,20,37.899904613155684,-95.98319718355162,Light,Police Blockade,0,Congestion
2024-12-16 07:45:00,Vehicle_10,86,38.255686119793026,-80.86526645743393,Clear,Breakdown,0,Normal
2024-12-16 08:00:00,Vehicle_1,62,36.71931229982642,-113.89844676700784,Heavy,None,0,Congestion
2024-12-16 08:15:00,Vehicle_2,34,36.85240751122445,-92.52832939294608,Moderate,Traffic Jam,0,Accident
2024-12-16 08:30:00,Vehicle_3,84,34.79432643383507,-113.20867223602511,Heavy,Accident,0,Accident
2024-12-16 08:45:00,Vehicle_4,25,36.51549645288319,-99.87097676971567,Clear,Breakdown,0,Congestion
2024-12-16 09:00:00,Vehicle_5,116,38.68243432444879,-91.72488275510116,Moderate,None,0,Normal
2024-12-16 09:15:00,Vehicle_6,90,35.35997891003029,-117.13005354377997,Heavy,Police Blockade,0,Accident
2024-12-16 09:30:00,Vehicle_7,24,39.690524535738696,-92.44877430214197,Clear,Police Blockade,0,Accident
2024-12-16 09:45:00,Vehicle_8,78,38.04586515780314,-97.36207316382857,Moderate,Traffic Jam,1,Normal
2024-12-16 10:00:00,Vehicle_9,42,38.367342492719175,-82.68830844298327,Moderate,Police Blockade,0,Normal
2024-12-16 10:15:00,Vehicle_10,94,34.74201376401477,-100.11055184987211,Heavy,Police Blockade,0,Accident
2024-12-16 10:30:00,Vehicle_1,43,36.854740523697245,-111.70291905520456,Moderate,Police Blockade,1,Normal
2024-12-16 10:45:00,Vehicle_2,57,36.88506777985753,-90.97544729279328,Light,Accident,0,Congestion
2024-12-16 11:00:00,Vehicle_3,119,35.60645549049997,-106.27882741408335,Clear,Traffic Jam,0,Accident
2024-12-16 11:15:00,Vehicle_4,75,35.51822407524848,-86.49972437909864,Clear,Traffic Jam,0,Accident
2024-12-16 11:30:00,Vehicle_5,70,34.3825900758246,-88.08037756320809,Moderate,Traffic Jam,0,Accident
2024-12-16 11:45:00,Vehicle_6,104,35.729640217570875,-90.44318754546258,Heavy,Accident,0,Congestion
2024-12-16 12:00:00,Vehicle_7,101,36.43771733488284,-91.14100359182034,Clear,Breakdown,0,Accident
2024-12-16 12:15:00,Vehicle_8,69,35.07207494414337,-109.44822180934938,Moderate,Breakdown,0,Normal
2024-12-16 12:30:00,Vehicle_9,60,34.13279058695082,-79.74249997336227,Clear,Police Blockade,0,Congestion
2024-12-16 12:45:00,Vehicle_10,110,35.5260262317438,-99.16058089537027,Clear,Traffic Jam,0,Accident
2024-12-16 13:00:00,Vehicle_1,78,35.379975110003315,-103.98626590614576,Heavy,Breakdown,0,Congestion
2024-12-16 13:15:00,Vehicle_2,32,35.79547305813761,-106.41031537438816,Moderate,None,0,Normal
2024-12-16 13:30:00,Vehicle_3,42,36.86321640270474,-97.78871500522912,Light,None,0,Accident
2024-12-16 13:45:00,Vehicle_4,93,37.16338528014243,-114.0116921648613,Light,Accident,0,Congestion
2024-12-16 14:00:00,Vehicle_5,33,38.37554775226459,-116.28391105565095,Light,Accident,1,Congestion
2024-12-16 14:15:00,Vehicle_6,34,36.113084245605535,-76.84709766981393,Moderate,Accident,1,Congestion
2024-12-16 14:30:00,Vehicle_7,93,39.177867784651085,-80.77987706441152,Clear,Accident,0,Normal
2024-12-16 14:45:00,Vehicle_8,115,35.254665164138174,-88.11236913506605,Light,Breakdown,0,Accident
2024-12-16 15:00:00,Vehicle_9,45,39.2145696804272,-87.22926590205954,Heavy,None,0,Congestion
2024-12-16 15:15:00,Vehicle_10,95,36.52170884106268,-77.69736385738989,Clear,Traffic Jam,0,Congestion
2024-12-16 15:30:00,Vehicle_1,84,34.37181685602887,-107.83485870616678,Clear,Traffic Jam,0,Congestion
2024-12-16 15:45:00,Vehicle_2,48,39.135094608634276,-104.47557217876707,Heavy,Accident,1,Congestion
2024-12-16 16:00:00,Vehicle_3,60,39.77859057334051,-86.06175014107134,Light,Police Blockade,0,Normal
2024-12-16 16:15:00,Vehicle_4,47,36.7637565236299,-81.56017989570327,Heavy,None,0,Normal
2024-12-16 16:30:00,Vehicle_5,20,39.058478919745966,-91.12736835722396,Clear,Accident,0,Accident
2024-12-16 16:45:00,Vehicle_6,55,39.01233589285312,-97.99663350718609,Clear,Accident,0,Normal
2024-12-16 17:00:00,Vehicle_7,35,36.23672513588106,-101.05470043632853,Moderate,Traffic Jam,0,Congestion
2024-12-16 17:15:00,Vehicle_8,103,37.63107048329836,-91.82133862527336,Moderate,Traffic Jam,0,Normal
2024-12-16 17:30:00,Vehicle_9,43,35.451368180562994,-117.32408799455258,Heavy,Police Blockade,0,Accident
2024-12-16 17:45:00,Vehicle_10,119,36.699386681797314,-86.33412067289024,Heavy,None,0,Congestion
